Rk,Player,Age,Team,Pos,G,GS,MP,FG,FGA,FG%,3P,3PA,3P%,2P,2PA,2P%,eFG%,FT,FTA,FT%,ORB,DRB,TRB,AST,STL,BLK,TOV,PF,PTS,
1,Shai Gilgeous-Alexander,26,OKC,PG,49,49,34.0,11.4,21.4,.534,2.0,5.7,.348,9.5,15.8,.601,.580,7.8,8.6,.903,0.9,4.3,5.2,6.0,1.9,1.0,2.7,2.2,32.7,
2,Giannis Antetokounmpo,30,MIL,PF,41,41,34.9,12.7,20.9,.608,0.1,0.8,.188,12.6,20.1,.624,.611,6.2,10.7,.577,2.3,9.9,12.2,5.9,0.8,1.3,3.4,2.4,31.8,
3,Nikola Jokić,29,DEN,C,46,46,36.2,11.3,19.7,.572,2.1,4.5,.462,9.2,15.2,.604,.624,5.0,6.2,.814,3.0,9.7,12.7,10.3,1.8,0.7,3.1,2.1,29.7,
4,Luka Dončić,25,DAL,PG,22,22,35.7,9.8,21.2,.464,3.4,9.6,.354,6.4,11.5,.555,.544,5.1,6.6,.767,0.7,7.6,8.3,7.8,2.0,0.4,3.4,2.6,28.1,
5,LaMelo Ball,23,CHO,PG,32,32,33.4,9.7,23.3,.416,4.1,12.2,.338,5.6,11.1,.503,.505,4.5,5.4,.822,1.0,4.3,5.2,7.4,1.3,0.3,3.7,3.4,28.0,
6,Tyrese Maxey,24,PHI,PG,44,44,38.0,9.7,21.8,.444,3.3,9.7,.346,6.3,12.1,.523,.521,5.2,5.9,.874,0.3,3.2,3.4,6.2,1.9,0.4,2.5,2.3,27.8,
7,Anthony Edwards,23,MIN,SG,51,51,36.7,9.1,20.5,.446,4.2,9.9,.421,5.0,10.6,.470,.547,4.8,5.7,.844,0.8,5.0,5.8,4.5,1.1,0.7,3.5,2.0,27.2,
8,Kevin Durant,36,PHO,PF,39,39,36.2,9.8,18.6,.524,2.4,5.9,.398,7.4,12.7,.583,.587,5.0,6.1,.827,0.4,5.7,6.1,4.2,0.8,1.3,3.0,1.7,26.9,
9,Jayson Tatum,26,BOS,PF,49,49,36.3,8.9,19.8,.451,3.6,10.0,.357,5.4,9.8,.548,.541,5.2,6.4,.801,0.6,8.0,8.7,5.7,1.2,0.5,2.9,2.2,26.6,
10,Devin Booker,28,PHO,SG,46,46,37.2,8.6,19.0,.454,2.7,7.8,.341,6.0,11.2,.532,.523,6.5,7.3,.893,0.9,3.1,4.0,6.7,1.1,0.3,2.7,2.4,26.4,
11,Jalen Brunson,28,NYK,PG,50,50,35.3,9.0,18.4,.489,2.3,5.8,.397,6.7,12.6,.532,.552,5.7,7.0,.813,0.4,2.5,2.9,7.5,1.0,0.1,2.4,2.2,26.1,
12,Anthony Davis,31,LAL,C,42,42,34.3,9.5,18.0,.528,0.7,2.2,.298,8.9,15.8,.560,.546,6.0,7.6,.788,2.8,9.0,11.9,3.4,1.3,2.1,2.2,2.0,25.7,
13,Cade Cunningham,23,DET,PG,47,47,35.7,9.6,21.1,.453,2.3,6.4,.354,7.3,14.7,.496,.507,4.2,4.9,.845,0.9,5.4,6.3,9.4,1.0,0.7,4.4,2.7,25.6,
14,Damian Lillard,34,MIL,PG,42,42,36.3,7.7,17.3,.445,3.4,9.0,.377,4.3,8.4,.519,.543,6.2,6.8,.923,0.6,4.1,4.7,7.5,1.2,0.2,2.8,1.8,25.0,
15,De'Aaron Fox,27,2TM,PG,47,47,36.9,9.2,19.6,.471,2.0,6.3,.322,7.2,13.3,.542,.523,4.4,5.3,.824,1.0,4.0,4.9,6.3,1.6,0.4,2.9,2.6,24.9,
16,De'Aaron Fox,27,SAC,PG,45,45,37.0,9.2,19.6,.469,2.0,6.4,.322,7.2,13.3,.539,.521,4.5,5.5,.829,1.0,4.0,5.0,6.1,1.5,0.4,3.0,2.6,25.0,
17,De'Aaron Fox,27,SAS,PG,2,2,35.0,10.0,19.5,.513,2.0,6.0,.333,8.0,13.5,.593,.564,1.0,2.0,.500,0.5,3.0,3.5,9.5,3.5,0.0,0.5,3.0,23.0,
18,Franz Wagner,23,ORL,SF,33,33,32.8,8.8,19.2,.460,2.0,6.4,.319,6.8,12.9,.529,.513,5.1,5.8,.874,0.9,4.4,5.4,5.1,1.5,0.5,2.2,2.5,24.8,
19,Cam Thomas,23,BRK,SG,19,17,32.3,7.9,17.7,.448,2.8,7.6,.375,5.1,10.2,.503,.528,5.9,6.8,.876,0.5,3.1,3.6,3.4,0.7,0.1,2.7,1.9,24.7,
20,Joel Embiid,30,PHI,C,15,15,29.9,7.9,17.3,.454,1.2,3.8,.316,6.7,13.5,.493,.488,7.7,8.7,.878,1.7,6.3,8.1,4.4,0.8,1.0,3.2,2.3,24.6,
21,LeBron James,40,LAL,SF,46,46,34.7,9.4,18.2,.516,2.2,5.6,.391,7.2,12.7,.570,.575,3.5,4.6,.767,0.9,6.9,7.8,9.0,0.9,0.5,3.8,1.4,24.5,
22,Kyrie Irving,32,DAL,SG,41,41,36.2,8.9,18.6,.479,2.9,7.1,.412,6.0,11.5,.520,.558,3.6,4.0,.903,1.1,3.6,4.7,4.8,1.3,0.3,2.3,2.0,24.4,
23,Victor Wembanyama,21,SAS,C,43,43,33.1,8.9,18.8,.475,3.1,8.9,.352,5.8,9.9,.585,.558,3.4,4.1,.840,1.8,9.1,10.9,3.6,1.1,3.9,3.3,2.3,24.4,
24,Karl-Anthony Towns,29,NYK,C,46,46,34.7,8.8,16.5,.532,2.0,4.6,.423,6.8,11.9,.575,.592,4.8,5.7,.840,3.2,10.4,13.6,3.3,1.0,0.8,2.5,3.5,24.3,
25,Donovan Mitchell,28,CLE,SG,49,49,31.3,8.4,18.7,.451,3.7,9.3,.394,4.8,9.4,.508,.549,3.4,4.1,.841,0.7,3.7,4.3,4.7,1.4,0.2,2.0,2.0,24.0,
26,Norman Powell,31,LAC,SG,42,42,33.3,8.3,16.8,.496,3.4,7.9,.431,4.9,8.9,.553,.597,3.9,4.7,.818,0.4,3.2,3.6,2.2,1.3,0.2,2.0,1.9,23.9,
27,Zach LaVine,29,2TM,SF,44,44,34.1,8.5,16.9,.505,3.2,7.2,.437,5.4,9.6,.557,.599,3.5,4.4,.797,0.3,4.4,4.7,4.4,0.9,0.3,2.8,1.5,23.7,
28,Zach LaVine,29,CHI,SF,42,42,34.1,8.6,16.9,.511,3.2,7.3,.446,5.4,9.6,.560,.607,3.5,4.3,.797,0.3,4.5,4.8,4.5,0.9,0.2,2.9,1.5,24.0,
29,Zach LaVine,29,SAC,SG,2,2,33.5,6.0,16.0,.375,1.5,6.5,.231,4.5,9.5,.474,.422,4.0,5.0,.800,0.0,2.5,2.5,2.0,0.5,0.5,0.5,1.5,17.5,
30,Tyler Herro,25,MIA,SG,49,49,35.6,8.2,17.7,.464,3.8,9.7,.388,4.4,8.0,.558,.571,3.5,4.1,.860,0.4,5.2,5.6,5.6,0.7,0.1,2.7,1.4,23.7,
31,Jaren Jackson Jr.,25,MEM,C,49,49,29.6,8.4,16.9,.499,2.0,5.4,.370,6.4,11.5,.560,.559,4.5,5.8,.784,1.4,4.7,6.1,2.2,1.3,1.6,2.2,3.3,23.4,
32,Zion Williamson,24,NOP,PF,15,15,28.4,8.9,17.1,.518,0.1,0.7,.182,8.7,16.4,.533,.521,5.4,8.3,.648,2.9,4.9,7.9,4.9,1.2,1.1,3.1,2.7,23.3,
33,Trae Young,26,ATL,PG,48,48,36.1,7.1,17.6,.406,2.9,8.6,.339,4.2,9.0,.470,.489,6.0,7.1,.855,0.5,2.7,3.2,11.4,1.3,0.2,4.7,2.0,23.3,
34,Jaylen Brown,28,BOS,SF,45,45,35.4,8.6,18.6,.462,2.0,6.0,.327,6.6,12.6,.527,.516,4.0,5.4,.744,1.4,4.7,6.1,4.8,1.2,0.3,2.6,2.6,23.2,
35,Stephen Curry,36,GSW,PG,42,42,32.0,7.6,17.7,.431,4.2,10.9,.389,3.4,6.8,.500,.551,3.2,3.4,.944,0.5,4.0,4.5,6.1,1.1,0.5,2.9,1.3,22.7,
36,Trey Murphy III,24,NOP,SF,35,33,35.3,7.7,16.1,.475,3.3,8.6,.383,4.4,7.5,.580,.577,4.1,4.6,.894,0.9,4.1,5.0,3.2,1.2,0.8,1.6,2.3,22.7,
37,Paolo Banchero,22,ORL,PF,19,19,33.4,7.9,18.6,.428,1.5,5.3,.290,6.4,13.3,.482,.469,4.9,7.7,.633,1.2,6.0,7.2,4.9,0.7,0.8,3.1,2.2,22.3,
38,Brandon Ingram,27,NOP,SF,18,18,33.1,8.6,18.5,.465,2.4,6.4,.374,6.2,12.1,.514,.530,2.6,3.1,.855,0.9,4.6,5.6,5.2,0.9,0.6,3.8,2.5,22.2,
39,CJ McCollum,33,NOP,PG,38,38,33.4,8.2,18.4,.448,3.1,8.2,.375,5.2,10.2,.506,.531,2.4,3.4,.721,0.7,2.9,3.6,3.8,0.8,0.5,1.7,2.3,22.0,
40,Darius Garland,25,CLE,PG,50,50,30.3,7.8,15.6,.500,3.0,7.0,.434,4.8,8.7,.553,.597,3.2,3.7,.874,0.6,2.0,2.6,6.7,1.1,0.2,2.5,2.1,21.9,
41,DeMar DeRozan,35,SAC,SF,46,46,35.8,8.1,16.6,.487,0.9,2.7,.328,7.2,13.9,.518,.514,4.6,5.4,.859,0.5,3.2,3.7,3.7,1.1,0.5,1.3,2.0,21.7,
42,RJ Barrett,24,TOR,SF,41,41,33.3,8.1,17.3,.470,1.8,5.2,.349,6.3,12.0,.522,.523,3.5,5.4,.655,1.0,5.6,6.6,5.7,0.8,0.3,3.0,2.6,21.6,
43,Jalen Green,22,HOU,SG,51,51,33.2,7.5,17.6,.427,2.8,8.1,.350,4.7,9.5,.493,.508,3.5,4.1,.862,0.6,3.8,4.4,2.9,0.9,0.3,2.5,1.6,21.5,
44,James Harden,35,LAC,PG,48,48,33.9,6.2,15.8,.395,2.8,8.1,.344,3.4,7.6,.450,.483,6.1,6.8,.893,0.6,5.1,5.8,8.4,1.5,0.6,4.5,2.1,21.3,
45,Jalen Williams,23,OKC,SG,47,47,32.7,8.1,17.1,.475,1.7,4.9,.346,6.4,12.2,.527,.525,3.1,4.0,.782,0.8,4.7,5.5,5.1,1.8,0.7,2.2,2.4,21.1,
46,Brandon Miller,22,CHO,SF,27,27,34.2,7.3,18.2,.403,3.9,10.9,.355,3.5,7.3,.475,.509,2.5,2.9,.861,0.9,3.9,4.9,3.6,1.1,0.7,2.8,2.7,21.0,
47,Jordan Poole,25,WAS,SG,44,44,31.2,6.8,16.2,.417,3.6,9.3,.382,3.2,6.8,.465,.527,3.8,4.4,.865,0.5,2.6,3.1,4.9,1.5,0.5,3.3,3.2,20.8,
48,Ja Morant,25,MEM,PG,30,30,28.4,7.1,15.7,.453,1.6,4.9,.327,5.5,10.8,.511,.504,4.9,6.0,.816,0.6,3.5,4.2,7.5,1.3,0.3,3.9,1.9,20.7,
49,Pascal Siakam,30,IND,PF,50,50,33.1,8.0,15.0,.534,1.8,4.2,.415,6.3,10.8,.581,.593,2.9,3.8,.763,1.8,5.6,7.4,3.4,0.9,0.5,1.3,2.6,20.7,
50,Domantas Sabonis,28,SAC,C,48,48,36.0,7.9,13.3,.599,1.1,2.4,.462,6.8,10.8,.630,.642,3.4,4.4,.769,4.0,10.3,14.3,6.3,0.6,0.4,3.0,3.5,20.4,
51,Jamal Murray,27,DEN,PG,45,45,36.0,7.5,16.3,.462,2.0,5.5,.357,5.6,10.8,.515,.522,3.1,3.6,.875,0.6,3.4,4.0,6.1,1.4,0.6,2.2,1.8,20.2,
52,Scottie Barnes,23,TOR,PF,39,39,34.5,7.6,17.0,.446,1.4,5.0,.277,6.2,12.0,.516,.486,3.4,4.4,.769,1.6,6.2,7.7,6.4,1.5,1.1,3.1,2.1,20.0,
53,Miles Bridges,26,CHO,PF,35,35,32.0,7.2,16.5,.438,2.0,6.7,.298,5.2,9.8,.535,.499,3.1,3.6,.873,1.0,6.7,7.7,3.8,0.7,0.6,2.0,1.5,19.6,
54,Nikola Vučević,34,CHI,C,51,51,32.3,8.0,14.6,.546,1.8,4.6,.394,6.2,10.0,.617,.609,1.7,2.1,.807,2.4,8.0,10.4,3.5,0.9,0.7,1.6,2.4,19.5,
55,Cameron Johnson,28,BRK,PF,37,37,32.0,6.4,13.1,.489,3.2,7.6,.418,3.2,5.5,.586,.610,3.3,3.7,.897,0.8,3.3,4.1,2.9,0.8,0.5,1.7,1.7,19.3,
56,Lauri Markkanen,27,UTA,PF,38,38,32.1,6.2,14.7,.424,3.0,8.5,.351,3.3,6.2,.523,.525,3.8,4.4,.864,1.7,4.6,6.2,1.7,0.7,0.4,1.4,1.8,19.3,
57,Alperen Şengün,22,HOU,C,48,48,31.4,7.6,15.5,.491,0.3,1.4,.235,7.3,14.0,.516,.501,3.7,5.2,.701,3.5,7.1,10.6,5.0,1.3,0.8,2.4,2.8,19.2,
58,Kristaps Porziņģis,29,BOS,C,27,27,28.6,6.4,13.6,.471,2.4,6.0,.405,4.0,7.6,.525,.561,3.9,4.7,.833,1.6,5.4,7.0,2.0,0.8,1.6,1.0,2.8,19.1,
59,De'Andre Hunter,27,ATL,SF,37,4,28.8,6.1,13.3,.461,2.6,6.7,.393,3.5,6.6,.531,.560,4.1,4.8,.858,0.7,3.2,3.9,1.5,0.8,0.1,1.6,2.4,19.0,
60,Michael Porter Jr.,26,DEN,SF,52,52,33.3,7.2,13.7,.523,2.7,6.4,.417,4.5,7.3,.616,.621,1.9,2.6,.743,1.7,4.8,6.5,2.2,0.6,0.5,1.4,1.8,19.0,
61,Jalen Johnson,23,ATL,SF,36,36,35.7,7.5,15.1,.500,1.2,3.9,.312,6.3,11.1,.566,.541,2.6,3.5,.746,1.7,8.3,10.0,5.0,1.6,1.0,2.9,1.9,18.9,
62,Julius Randle,30,MIN,PF,48,48,32.6,6.6,14.0,.470,1.5,4.6,.321,5.1,9.4,.542,.522,4.2,5.2,.811,2.1,5.0,7.2,4.5,0.7,0.2,2.8,2.5,18.9,
63,Evan Mobley,23,CLE,PF,46,46,30.0,7.1,12.5,.567,1.1,2.8,.385,6.0,9.7,.620,.610,3.2,4.2,.766,2.1,6.9,9.0,2.9,0.8,1.5,1.9,2.0,18.5,
64,Austin Reaves,26,LAL,SG,44,44,34.7,6.1,13.7,.444,2.5,7.0,.361,3.5,6.7,.532,.537,3.8,4.5,.853,0.8,3.5,4.3,6.1,1.1,0.2,2.5,2.0,18.5,
65,Coby White,24,CHI,SG,45,45,32.6,6.2,14.3,.436,3.1,8.2,.375,3.2,6.2,.516,.543,3.0,3.3,.893,0.3,3.0,3.3,4.6,0.9,0.2,2.4,2.3,18.5,
66,Anfernee Simons,25,POR,SG,48,48,32.3,6.5,15.3,.425,3.0,8.1,.377,3.5,7.2,.478,.525,2.4,2.7,.898,0.3,2.4,2.8,5.0,0.8,0.1,2.1,1.8,18.4,
67,Collin Sexton,26,UTA,SG,46,44,28.5,6.5,13.6,.478,1.9,4.6,.412,4.6,9.0,.511,.547,3.5,3.9,.894,1.1,1.8,2.9,4.1,0.7,0.1,2.5,2.3,18.3,
68,Mikal Bridges,28,NYK,SF,51,51,38.3,7.5,15.1,.494,2.4,6.6,.360,5.1,8.4,.600,.573,0.9,1.2,.742,0.9,2.2,3.1,3.3,1.0,0.5,1.6,1.5,18.2,
69,John Collins,27,UTA,PF,33,24,30.2,6.7,12.8,.526,1.5,3.4,.441,5.2,9.4,.556,.584,3.3,3.8,.872,2.2,5.9,8.2,2.2,1.0,1.1,2.6,3.0,18.2,
70,Malik Monk,26,SAC,SG,43,30,32.1,6.6,14.9,.446,2.3,6.8,.330,4.4,8.0,.545,.522,2.6,3.0,.874,0.4,3.4,3.8,5.7,1.0,0.6,2.1,2.7,18.1,
71,Desmond Bane,26,MEM,SG,40,39,30.1,6.8,13.7,.498,2.2,5.6,.384,4.7,8.1,.577,.577,2.1,2.5,.859,1.0,4.7,5.7,5.5,1.2,0.4,2.5,2.4,17.9,
72,Tyrese Haliburton,24,IND,PG,49,49,34.0,6.1,13.7,.448,2.9,7.8,.365,3.3,5.8,.561,.553,2.7,3.2,.845,0.6,3.0,3.6,8.5,1.3,0.7,1.8,1.3,17.8,
73,Jaden Ivey,22,DET,SG,30,30,29.9,6.3,13.8,.460,2.1,5.1,.409,4.2,8.6,.490,.536,2.8,3.9,.733,1.3,2.8,4.1,4.0,0.9,0.4,3.0,2.2,17.6,
74,Andrew Wiggins,29,GSW,SF,43,43,30.1,6.1,13.7,.444,2.2,5.8,.379,3.9,7.9,.491,.524,3.2,4.2,.777,1.5,3.0,4.6,2.3,0.9,0.8,1.3,1.6,17.6,
75,Dejounte Murray,28,NOP,PG,31,31,32.6,6.3,15.9,.393,1.7,5.6,.299,4.6,10.3,.444,.445,3.3,4.0,.823,0.5,5.9,6.5,7.4,2.0,0.4,3.4,2.0,17.5,
76,Bradley Beal,31,PHO,SG,37,23,32.4,6.6,13.3,.495,2.0,5.1,.401,4.5,8.2,.553,.571,2.2,2.7,.810,0.7,2.7,3.4,3.4,1.1,0.6,2.0,2.6,17.4,
77,Shaedon Sharpe,21,POR,SG,44,31,30.5,6.4,14.4,.446,2.0,6.1,.319,4.5,8.3,.540,.513,2.6,3.2,.807,0.7,3.1,3.8,2.4,0.8,0.2,1.9,1.8,17.4,
78,Jimmy Butler,35,MIA,PF,25,25,30.6,5.7,10.5,.540,0.5,1.4,.361,5.2,9.1,.568,.565,5.2,6.4,.801,2.2,3.0,5.2,4.8,1.1,0.4,1.2,0.9,17.0,
79,Paul George,34,PHI,PF,32,32,32.0,6.2,14.3,.429,2.4,6.5,.373,3.7,7.8,.476,.514,2.0,2.5,.823,0.6,4.7,5.3,4.5,1.7,0.4,2.6,2.6,16.8,
80,Jonathan Kuminga,22,GSW,PF,32,10,26.0,6.1,13.2,.459,1.3,3.6,.345,4.8,9.6,.502,.506,3.4,5.3,.639,1.4,3.6,5.0,2.2,0.9,0.6,1.6,1.9,16.8,
81,Jordan Clarkson,32,UTA,SG,27,4,25.9,5.6,13.4,.418,2.2,6.0,.373,3.4,7.4,.455,.501,3.2,3.9,.829,0.6,2.6,3.2,3.8,0.9,0.3,2.2,1.5,16.6,
82,Keyonte George,21,UTA,PG,40,32,31.4,5.4,13.7,.394,2.6,7.6,.338,2.8,6.0,.465,.488,3.1,3.9,.806,0.4,3.2,3.6,5.8,0.8,0.2,2.8,1.9,16.5,
83,Bam Adebayo,27,MIA,C,49,49,34.0,6.4,13.6,.471,0.7,2.6,.288,5.7,11.0,.514,.498,2.9,4.0,.722,2.5,7.4,10.0,4.5,1.3,0.8,2.3,2.2,16.4,
84,OG Anunoby,27,NYK,PF,49,49,36.3,6.2,12.8,.482,2.1,5.8,.365,4.1,7.0,.577,.564,1.9,2.4,.792,1.3,3.4,4.7,2.0,1.4,0.9,1.3,2.3,16.4,
85,Malik Beasley,28,DET,SG,52,12,27.9,5.7,13.2,.434,3.8,9.4,.411,1.9,3.8,.492,.580,1.1,1.7,.663,0.6,2.3,2.9,1.8,0.9,0.0,1.1,1.5,16.4,
86,Bennedict Mathurin,22,IND,SF,48,43,31.6,5.8,12.2,.474,1.5,4.2,.353,4.3,8.0,.536,.534,3.3,4.1,.810,1.3,4.5,5.8,1.9,0.6,0.4,1.9,2.5,16.4,
87,Kawhi Leonard,33,LAC,SF,13,13,25.0,6.5,14.1,.464,1.6,4.5,.362,4.9,9.6,.512,.522,1.5,1.9,.760,0.6,3.9,4.5,2.5,0.8,0.5,1.9,1.1,16.2,
88,Jalen Suggs,23,ORL,PG,35,35,28.6,5.6,13.7,.410,2.2,6.9,.314,3.5,6.8,.506,.489,2.8,3.1,.882,0.7,3.4,4.0,3.7,1.5,0.9,2.9,2.8,16.2,
89,Devin Vassell,24,SAS,SG,34,23,30.4,6.1,14.1,.433,2.3,6.5,.357,3.8,7.6,.498,.516,1.6,2.1,.750,0.6,3.0,3.6,3.0,1.2,0.5,1.6,1.6,16.1,
90,Derrick White,30,BOS,SG,49,49,33.6,5.5,12.5,.441,3.3,8.8,.380,2.2,3.7,.588,.575,1.7,2.1,.822,0.9,3.3,4.2,4.1,0.9,1.2,1.6,1.9,16.1,
91,Gradey Dick,21,TOR,SG,45,45,29.8,5.3,12.7,.419,2.2,6.3,.350,3.1,6.4,.486,.505,2.8,3.1,.886,0.8,2.6,3.4,1.9,0.8,0.2,1.6,2.3,15.6,
92,Mark Williams,23,CHO,C,23,20,25.0,6.1,10.4,.586,0.0,0.0,.000,6.1,10.3,.588,.586,3.4,4.3,.780,3.3,6.3,9.6,2.5,0.7,1.2,1.0,2.6,15.6,
93,Chet Holmgren,22,OKC,C,11,11,26.1,5.3,10.5,.500,1.3,3.5,.368,4.0,7.1,.564,.560,3.5,4.5,.776,1.5,6.9,8.4,1.9,0.9,2.7,2.2,1.9,15.3,
94,Jared McCain,20,PHI,SG,23,8,25.7,5.5,11.9,.460,2.2,5.8,.383,3.3,6.1,.532,.553,2.1,2.4,.875,0.6,1.9,2.4,2.6,0.7,0.0,1.6,1.6,15.3,
95,Ivica Zubac,27,LAC,C,49,49,32.0,6.7,11.0,.610,0.0,0.0,,6.7,11.0,.610,.610,1.7,2.8,.616,3.8,8.9,12.7,2.5,0.7,1.1,1.7,2.0,15.2,
96,Kyle Kuzma,29,2TM,PF,33,30,27.6,5.9,14.2,.417,1.5,5.1,.286,4.5,9.1,.490,.468,1.8,3.0,.600,0.8,5.0,5.8,2.4,0.6,0.2,2.3,1.6,15.1,
97,Kyle Kuzma,29,WAS,PF,32,30,27.7,6.0,14.2,.420,1.4,5.0,.281,4.6,9.2,.495,.469,1.8,3.1,.602,0.8,4.9,5.8,2.5,0.6,0.2,2.3,1.6,15.2,
98,Kyle Kuzma,29,MIL,PF,1,0,24.0,4.0,13.0,.308,3.0,8.0,.375,1.0,5.0,.200,.423,1.0,2.0,.500,0.0,7.0,7.0,1.0,0.0,0.0,2.0,1.0,12.0,
99,Myles Turner,28,IND,C,46,46,30.6,5.4,11.3,.475,2.0,5.1,.398,3.3,6.2,.539,.565,2.3,3.1,.752,1.3,5.3,6.6,1.5,0.8,1.8,1.9,2.8,15.1,
100,Deandre Ayton,26,POR,C,38,38,30.4,6.8,11.9,.570,0.2,0.8,.188,6.6,11.1,.599,.576,1.0,1.5,.679,3.1,7.2,10.3,1.6,0.8,1.0,1.7,2.2,14.7,
101,Jerami Grant,30,POR,PF,40,40,32.3,4.7,12.2,.385,2.3,6.1,.380,2.4,6.0,.390,.480,3.0,3.6,.852,0.6,2.8,3.3,2.2,0.7,1.1,1.3,2.3,14.7,
102,Deni Avdija,24,POR,SF,49,31,28.7,4.9,10.4,.466,1.5,4.4,.344,3.3,6.0,.554,.538,3.4,4.4,.776,1.2,5.2,6.4,3.4,1.0,0.6,2.5,2.3,14.6,
103,Christian Braun,23,DEN,SG,51,49,32.6,5.7,9.9,.574,1.0,2.6,.376,4.7,7.3,.644,.623,2.2,2.7,.831,1.3,3.7,5.0,2.1,1.1,0.5,1.0,2.3,14.6,
104,Fred VanVleet,30,HOU,PG,45,45,35.5,5.0,13.0,.387,2.7,7.8,.344,2.4,5.3,.450,.489,1.9,2.3,.824,0.7,3.2,3.9,5.8,1.6,0.4,1.6,2.4,14.6,
105,Dennis Schröder,31,2TM,SG,47,41,29.8,5.1,12.3,.418,2.0,5.6,.358,3.1,6.6,.469,.501,2.1,2.6,.842,0.3,2.3,2.6,5.5,1.1,0.1,2.3,2.6,14.4,
106,Dennis Schröder,31,BRK,PG,23,23,33.6,6.4,14.1,.452,2.5,6.5,.387,3.9,7.6,.509,.542,3.1,3.5,.889,0.2,2.8,3.0,6.6,1.1,0.2,2.6,2.4,18.4,
107,Dennis Schröder,31,GSW,SG,24,18,26.2,3.9,10.5,.375,1.5,4.8,.322,2.4,5.7,.419,.448,1.2,1.6,.744,0.4,1.9,2.3,4.4,1.0,0.1,2.0,2.8,10.6,
108,P.J. Washington,26,DAL,PF,42,41,32.9,5.2,11.8,.439,1.6,4.3,.380,3.6,7.6,.472,.507,2.4,3.2,.750,1.6,6.7,8.4,2.3,1.2,1.0,1.9,2.5,14.4,
109,Josh Hart,29,NYK,SG,50,50,37.6,5.5,9.9,.558,1.1,3.3,.343,4.4,6.6,.666,.615,2.1,2.6,.815,2.2,7.4,9.7,5.8,1.5,0.4,1.9,2.6,14.3,
110,Kelly Oubre Jr.,29,PHI,SF,48,45,34.5,5.5,12.0,.460,1.2,4.1,.289,4.3,7.9,.549,.510,2.1,2.9,.741,1.7,4.9,6.5,1.9,1.5,0.5,1.3,2.9,14.3,
111,Immanuel Quickley,25,TOR,PG,13,13,25.9,4.7,11.5,.407,2.0,5.5,.366,2.7,6.1,.443,.493,2.9,3.2,.905,0.3,1.9,2.2,6.0,0.5,0.2,1.7,1.6,14.3,
112,Jakob Poeltl,29,TOR,C,45,44,30.9,6.2,10.2,.610,0.0,0.0,.000,6.2,10.2,.613,.610,1.7,2.6,.658,3.5,6.6,10.1,2.8,1.2,1.3,1.9,3.3,14.2,
113,Tre Mann,23,CHO,PG,13,0,24.5,5.4,12.4,.435,1.8,4.6,.400,3.5,7.8,.455,.509,1.5,1.6,.905,0.9,2.0,2.9,3.0,0.5,0.3,1.9,1.8,14.1,
114,Naz Reid,25,MIN,C,51,4,26.0,5.2,10.7,.484,2.2,5.3,.417,3.0,5.4,.549,.587,1.4,1.7,.798,1.0,4.3,5.3,1.9,0.8,0.9,1.2,2.3,14.0,
115,Bobby Portis,29,MIL,PF,43,7,25.1,5.7,12.1,.467,1.3,3.7,.369,4.3,8.5,.510,.523,1.2,1.5,.825,1.7,6.6,8.3,2.1,0.7,0.6,1.2,1.7,13.9,
116,Payton Pritchard,27,BOS,PG,51,0,27.7,4.9,10.4,.470,3.2,7.6,.415,1.7,2.7,.621,.622,1.0,1.2,.847,1.4,2.3,3.7,3.4,0.9,0.2,1.0,1.6,13.9,
117,Dyson Daniels,21,ATL,SG,47,47,33.9,5.8,12.3,.470,1.1,3.5,.327,4.6,8.7,.528,.517,1.1,1.9,.614,1.7,3.7,5.4,4.0,3.0,0.8,1.9,2.5,13.8,
118,Amen Thompson,22,HOU,SF,48,21,31.4,5.3,9.7,.545,0.3,1.3,.233,5.0,8.4,.592,.560,3.0,4.1,.714,2.7,5.3,8.0,3.2,1.4,1.2,2.0,2.3,13.8,
119,Klay Thompson,34,DAL,SF,45,45,27.3,4.9,11.8,.419,3.0,7.7,.391,1.9,4.1,.470,.546,0.8,0.9,.902,0.6,2.8,3.4,2.0,0.8,0.4,1.4,1.2,13.7,
120,Jarrett Allen,26,CLE,C,52,52,28.9,5.5,7.9,.697,0.0,0.0,.000,5.5,7.9,.701,.697,2.5,3.4,.746,2.7,7.6,10.3,2.0,0.9,1.0,1.2,1.5,13.6,
121,Dillon Brooks,29,HOU,SF,48,48,32.3,5.0,11.8,.419,2.4,6.1,.387,2.6,5.8,.453,.518,1.3,1.5,.851,1.2,2.6,3.8,1.5,0.8,0.2,1.0,3.5,13.6,
122,Tobias Harris,32,DET,PF,50,50,32.0,5.0,11.2,.450,1.2,3.8,.321,3.8,7.4,.516,.504,1.9,2.2,.872,0.9,5.1,6.0,2.4,0.9,0.8,1.1,1.9,13.2,
123,Malcolm Brogdon,32,WAS,PG,21,13,24.1,4.5,10.2,.437,0.8,2.4,.314,3.7,7.8,.476,.474,3.4,3.9,.866,1.0,3.0,4.0,4.0,0.5,0.2,1.6,1.4,13.1,
124,D'Angelo Russell,28,2TM,PG,43,21,25.7,4.4,11.0,.401,2.0,5.9,.333,2.4,5.0,.481,.492,2.2,2.5,.872,0.3,2.5,2.8,5.1,1.0,0.4,1.9,1.9,13.0,
125,D'Angelo Russell,28,LAL,PG,29,10,26.3,4.4,10.7,.415,1.9,5.8,.333,2.5,4.9,.510,.505,1.6,1.8,.849,0.3,2.5,2.8,4.7,0.8,0.1,1.7,1.8,12.4,
126,D'Angelo Russell,28,BRK,PG,14,11,24.4,4.3,11.4,.375,2.1,6.2,.333,2.2,5.2,.425,.466,3.6,4.0,.893,0.4,2.5,2.9,6.1,1.4,0.9,2.1,2.1,14.2,
127,Russell Westbrook,36,DEN,PG,48,27,27.7,4.9,10.3,.477,1.1,3.5,.331,3.8,6.8,.550,.532,2.0,3.2,.641,1.4,3.7,5.1,6.4,1.5,0.5,3.0,2.5,13.0,
128,Moritz Wagner,27,ORL,C,30,1,18.8,4.7,8.3,.562,0.9,2.5,.360,3.8,5.8,.649,.616,2.6,3.7,.718,1.3,3.6,4.9,1.4,0.8,0.4,1.6,1.8,12.9,
129,Rui Hachimura,26,LAL,PF,42,42,32.0,4.9,9.6,.504,1.6,3.8,.422,3.2,5.8,.557,.588,1.5,1.9,.772,1.5,3.6,5.1,1.5,0.8,0.5,0.9,1.9,12.8,
130,Santi Aldama,24,MEM,PF,43,11,24.6,5.0,10.1,.489,1.7,4.7,.370,3.2,5.5,.589,.573,1.0,1.5,.698,1.6,5.2,6.7,2.5,0.8,0.5,1.1,1.0,12.7,
131,Stephon Castle,20,SAS,PG,48,29,25.6,4.5,10.9,.413,1.1,3.9,.283,3.4,7.0,.485,.464,2.5,3.5,.729,0.8,2.0,2.8,3.6,0.8,0.3,2.0,1.8,12.6,
132,Bilal Coulibaly,20,WAS,SF,47,47,33.3,4.5,10.6,.425,1.1,3.9,.282,3.4,6.7,.508,.477,2.5,3.3,.755,1.4,3.6,5.1,3.5,1.4,0.7,2.1,2.4,12.6,
133,Daniel Gafford,26,DAL,C,49,26,22.0,5.1,7.3,.699,0.0,0.0,,5.1,7.3,.699,.699,2.4,3.4,.710,2.7,4.2,6.9,1.4,0.4,1.8,1.2,2.7,12.6,
134,Scoot Henderson,20,POR,PG,45,8,26.5,4.3,9.9,.434,1.5,4.0,.367,2.8,5.9,.479,.508,2.5,3.2,.785,0.7,2.4,3.1,5.4,1.2,0.3,2.7,2.7,12.6,
135,Khris Middleton,33,MIL,SF,23,7,23.2,4.7,9.2,.512,1.5,3.7,.407,3.2,5.4,.584,.595,1.7,2.0,.848,0.2,3.5,3.7,4.4,0.7,0.2,1.6,2.3,12.6,
136,Ayo Dosunmu,25,CHI,SG,41,23,30.7,4.8,9.9,.490,1.4,4.2,.345,3.4,5.7,.597,.563,1.3,1.7,.794,0.6,3.0,3.6,4.7,0.9,0.4,1.3,2.3,12.4,
137,Terry Rozier,30,MIA,PG,46,21,28.6,4.6,11.2,.409,1.6,5.3,.307,2.9,5.9,.500,.482,1.7,2.0,.856,0.8,3.3,4.2,2.9,0.6,0.3,1.4,1.4,12.4,
138,Aaron Gordon,29,DEN,PF,30,21,26.7,4.3,8.5,.510,1.1,2.8,.405,3.2,5.7,.561,.576,2.5,3.2,.784,1.5,3.2,4.7,3.1,0.5,0.3,1.3,1.6,12.3,
139,Brook Lopez,36,MIL,C,49,49,32.1,4.6,9.7,.475,1.9,5.2,.368,2.7,4.6,.596,.572,1.1,1.3,.803,1.1,3.6,4.6,1.7,0.7,1.9,1.0,2.2,12.2,
140,Onyeka Okongwu,24,ATL,C,45,11,25.1,4.8,8.5,.571,0.5,1.6,.288,4.4,6.9,.638,.598,2.0,2.7,.744,2.9,5.1,8.0,2.0,0.8,0.8,1.0,2.4,12.2,
141,Josh Giddey,22,CHI,PG,48,48,28.8,4.6,10.3,.448,1.3,3.8,.339,3.3,6.5,.513,.511,1.6,2.1,.755,1.6,5.6,7.3,6.6,1.1,0.5,2.8,1.6,12.1,
142,Keegan Murray,24,SAC,PF,48,48,35.1,4.7,10.7,.436,1.8,5.5,.327,2.9,5.2,.552,.520,0.8,1.0,.816,2.2,4.9,7.1,1.4,0.8,0.8,0.9,2.6,12.0,
143,Daeqwon Plowden,26,ATL,SG,2,0,16.5,4.0,5.0,.800,3.0,4.0,.750,1.0,1.0,1.000,1.100,1.0,1.0,1.000,1.5,1.0,2.5,0.0,0.0,0.0,0.5,2.5,12.0,
144,Jeremy Sochan,21,SAS,PF,30,19,26.9,4.8,9.0,.535,0.5,1.5,.318,4.4,7.6,.577,.561,1.9,2.6,.718,2.5,5.0,7.5,2.5,0.9,0.5,1.7,2.4,12.0,
145,Jabari Smith Jr.,21,HOU,PF,33,33,30.9,4.1,9.5,.435,1.7,4.8,.354,2.4,4.7,.516,.524,2.0,2.3,.867,1.8,4.7,6.5,1.0,0.4,1.0,0.9,2.3,11.9,
146,Keldon Johnson,25,SAS,SF,46,0,23.7,4.4,9.7,.453,1.1,3.7,.300,3.3,6.0,.547,.510,2.0,2.5,.769,1.3,3.3,4.6,1.4,0.6,0.2,0.8,1.4,11.8,
147,Buddy Hield,32,GSW,SG,51,19,23.5,4.2,10.2,.413,2.6,7.0,.371,1.6,3.2,.506,.541,0.7,0.9,.822,0.6,2.7,3.3,1.7,0.8,0.3,1.2,1.8,11.7,
148,Harrison Barnes,32,SAS,PF,49,49,27.8,4.0,7.9,.504,1.5,3.7,.408,2.5,4.3,.586,.598,2.1,2.7,.802,1.5,2.5,4.0,1.8,0.4,0.2,0.6,1.0,11.6,
149,Dante Exum,29,DAL,PG,4,3,18.8,4.3,8.5,.500,1.3,3.0,.417,3.0,5.5,.545,.574,1.8,2.5,.700,0.3,1.0,1.3,3.3,0.8,0.0,1.3,1.5,11.5,
150,Corey Kispert,25,WAS,SF,46,0,26.7,4.2,9.3,.449,1.9,5.4,.357,2.3,3.9,.575,.552,1.2,1.3,.869,0.7,2.3,3.0,1.6,0.6,0.2,1.0,1.6,11.5,
151,Alex Sarr,19,WAS,C,41,41,26.8,4.3,10.9,.397,1.4,4.6,.307,2.9,6.3,.463,.462,1.4,2.1,.644,1.8,4.8,6.6,2.2,0.7,1.6,1.4,2.4,11.5,
152,Jonas Valančiūnas,32,2TM,C,50,12,20.0,4.7,8.6,.542,0.1,0.5,.259,4.5,8.1,.561,.550,1.9,2.2,.898,2.4,5.7,8.2,2.2,0.4,0.6,1.8,2.0,11.4,
153,Jonas Valančiūnas,32,WAS,C,49,12,20.1,4.7,8.6,.547,0.1,0.6,.259,4.6,8.1,.567,.556,1.9,2.2,.896,2.4,5.8,8.2,2.2,0.4,0.6,1.8,2.0,11.5,
154,Jonas Valančiūnas,32,SAC,C,1,0,17.0,2.0,8.0,.250,0.0,0.0,,2.0,8.0,.250,.250,2.0,2.0,1.000,2.0,3.0,5.0,3.0,0.0,0.0,0.0,2.0,6.0,
155,Isaiah Hartenstein,26,OKC,C,30,29,29.2,4.9,8.7,.561,0.0,0.4,.000,4.9,8.3,.590,.561,1.6,2.6,.636,2.9,9.0,12.0,4.2,0.8,1.1,1.8,2.9,11.4,
156,Ty Jerome,27,CLE,SG,49,2,19.0,4.2,8.1,.516,1.4,3.4,.430,2.7,4.7,.578,.606,1.5,1.7,.892,0.7,1.8,2.5,3.4,1.2,0.0,1.2,1.5,11.3,
157,Jaylen Wells,21,MEM,SG,51,46,26.1,4.0,9.0,.444,1.9,4.9,.377,2.1,4.1,.527,.548,1.5,1.7,.841,1.0,2.1,3.2,1.7,0.6,0.1,1.0,1.8,11.3,
158,Tari Eason,23,HOU,PF,34,2,23.7,4.3,9.1,.477,1.0,2.9,.343,3.3,6.1,.541,.532,1.6,2.1,.746,2.1,4.1,6.3,1.1,1.9,0.9,0.9,2.4,11.2,
159,Walker Kessler,23,UTA,C,40,40,30.2,4.8,6.8,.710,0.1,0.2,.333,4.8,6.7,.718,.713,1.5,2.7,.541,4.6,7.4,11.9,1.6,0.6,2.4,1.5,2.3,11.2,
160,Naji Marshall,27,DAL,SF,39,14,24.5,4.4,8.9,.500,0.9,2.9,.301,3.6,6.0,.597,.549,1.4,1.7,.862,0.9,2.7,3.5,2.6,1.0,0.1,1.4,1.4,11.2,
161,Zaccharie Risacher,19,ATL,SF,45,43,23.8,4.2,9.9,.423,1.3,4.2,.305,2.9,5.7,.510,.488,1.5,2.2,.694,1.3,2.2,3.4,1.2,0.8,0.5,1.1,2.0,11.2,
162,Grayson Allen,29,PHO,SG,42,3,25.1,3.5,7.9,.449,2.6,5.9,.435,1.0,2.0,.488,.611,1.4,1.7,.831,0.6,2.8,3.5,2.0,1.0,0.3,1.0,1.4,11.1,
163,Guerschon Yabusele,29,PHI,C,48,26,26.8,4.1,7.9,.520,1.5,3.8,.401,2.6,4.1,.629,.616,1.4,1.9,.733,1.9,3.8,5.7,2.0,0.8,0.4,1.3,2.5,11.1,
164,Donte DiVincenzo,28,MIN,SG,40,8,26.4,3.7,9.3,.397,2.6,7.0,.369,1.1,2.4,.479,.535,1.0,1.3,.820,0.6,3.1,3.7,3.6,1.2,0.2,1.8,1.6,11.0,
165,Jrue Holiday,34,BOS,PG,44,44,30.2,4.0,9.1,.438,1.8,5.1,.342,2.3,4.0,.559,.534,1.2,1.4,.900,1.1,3.3,4.4,3.7,1.0,0.4,1.3,1.6,11.0,
166,Tyus Jones,28,PHO,PG,50,50,29.5,4.1,8.9,.463,2.1,5.0,.412,2.0,3.9,.528,.579,0.8,0.9,.886,0.5,1.9,2.4,5.8,0.9,0.1,1.3,1.0,11.0,
167,Nikola Jović,21,MIA,PF,41,10,25.0,3.8,8.1,.467,1.8,4.5,.393,2.0,3.6,.557,.575,1.7,2.1,.835,0.6,3.3,3.9,3.0,0.9,0.3,1.3,1.7,11.0,
168,Jaden McDaniels,24,MIN,PF,52,52,31.4,4.3,9.3,.461,1.3,3.8,.338,3.0,5.5,.545,.530,1.1,1.3,.800,1.5,4.0,5.5,1.7,1.4,0.9,1.1,2.9,11.0,
169,Tim Hardaway Jr.,32,DET,SG,48,48,28.6,3.5,8.5,.413,2.1,5.7,.377,1.4,2.8,.485,.539,1.7,2.0,.825,0.2,2.1,2.3,1.6,0.4,0.1,0.7,1.3,10.9,
170,Jordan Hawkins,22,NOP,SG,33,5,23.2,3.7,10.2,.363,1.9,5.9,.328,1.8,4.3,.411,.458,1.6,1.9,.839,0.4,2.1,2.5,1.0,0.7,0.4,0.9,0.7,10.9,
171,Andrew Nembhard,25,IND,SG,34,34,28.5,4.1,8.6,.474,0.8,2.4,.329,3.3,6.2,.531,.520,1.9,2.5,.762,0.6,2.9,3.4,5.1,1.3,0.1,1.8,2.2,10.9,
172,Duncan Robinson,30,MIA,SF,48,30,24.3,3.8,9.2,.418,2.5,6.6,.377,1.4,2.6,.524,.553,0.7,0.8,.895,0.3,2.1,2.3,2.6,0.6,0.1,1.1,2.0,10.9,
173,Brandon Boston Jr.,23,NOP,SG,41,10,23.9,4.0,9.1,.437,1.1,3.3,.341,2.9,5.8,.492,.499,1.6,2.0,.802,0.7,2.6,3.2,2.2,1.2,0.2,1.2,1.7,10.7,
174,Jalen Duren,21,DET,C,49,49,25.6,4.5,6.4,.698,0.0,0.0,,4.5,6.4,.698,.698,1.8,2.6,.672,3.6,6.5,10.0,2.4,0.7,1.2,1.9,3.3,10.7,
175,Rudy Gobert,32,MIN,C,52,52,33.3,4.2,6.4,.650,0.0,0.0,,4.2,6.4,.650,.650,2.4,3.5,.676,3.4,6.9,10.4,1.8,0.7,1.6,1.3,2.4,10.7,
176,Chris Boucher,32,TOR,PF,44,0,17.3,3.8,7.5,.505,1.5,4.0,.377,2.3,3.5,.647,.604,1.4,1.8,.788,1.3,3.0,4.3,0.6,0.5,0.5,0.6,1.4,10.5,
177,Derrick Jones Jr.,27,LAC,SF,49,46,25.2,4.2,8.1,.519,1.0,2.8,.367,3.1,5.2,.602,.584,1.1,1.3,.788,1.4,2.3,3.7,0.9,1.2,0.4,1.0,2.0,10.5,
178,Grant Williams,26,CHO,PF,16,7,29.9,3.4,7.7,.439,1.7,4.6,.365,1.7,3.1,.551,.549,1.9,2.3,.838,1.1,4.0,5.1,2.3,1.1,0.8,1.8,2.9,10.4,
179,Quentin Grimes,24,2TM,SG,48,12,22.9,3.6,7.8,.465,1.7,4.3,.398,1.9,3.5,.548,.575,1.3,1.7,.771,0.6,3.1,3.8,2.1,0.7,0.2,1.3,1.7,10.3,
180,Quentin Grimes,24,DAL,SG,47,12,22.8,3.6,7.8,.463,1.7,4.3,.398,1.9,3.5,.543,.573,1.3,1.7,.765,0.6,3.2,3.8,2.1,0.7,0.2,1.3,1.7,10.2,
181,Quentin Grimes,24,PHI,SG,1,0,28.0,5.0,9.0,.556,2.0,5.0,.400,3.0,4.0,.750,.667,2.0,2.0,1.000,1.0,1.0,2.0,2.0,0.0,1.0,1.0,2.0,14.0,
182,Ochai Agbaji,24,TOR,SG,46,35,27.8,4.1,8.1,.508,1.6,3.9,.398,2.5,4.2,.613,.605,0.5,0.8,.667,0.9,2.8,3.7,1.6,0.9,0.6,0.7,1.9,10.3,
183,Julian Champagnie,23,SAS,SF,49,26,25.2,3.5,8.5,.416,2.3,6.2,.363,1.3,2.2,.564,.549,1.0,1.1,.904,0.8,3.3,4.1,1.2,0.8,0.4,1.0,1.4,10.3,
184,Spencer Dinwiddie,31,DAL,PG,50,18,25.1,3.3,7.9,.412,1.4,4.0,.342,1.9,3.9,.482,.497,2.4,2.8,.852,0.2,2.2,2.4,3.7,0.9,0.2,1.1,1.5,10.3,
185,Herbert Jones,26,NOP,SF,20,20,32.4,3.8,8.6,.436,1.1,3.6,.306,2.7,5.0,.530,.500,1.7,2.0,.825,1.1,2.8,3.9,3.3,1.9,0.5,1.8,3.3,10.3,
186,De'Anthony Melton,26,GSW,SG,6,2,20.2,3.7,9.0,.407,2.2,5.8,.371,1.5,3.2,.474,.528,0.8,1.3,.625,1.0,2.3,3.3,2.8,1.2,0.3,1.7,3.0,10.3,
187,Aaron Wiggins,26,OKC,SG,50,17,21.6,4.1,8.3,.496,1.4,3.8,.362,2.7,4.5,.609,.579,0.8,0.9,.848,1.1,2.5,3.6,1.6,0.7,0.2,0.8,1.3,10.3,
188,Toumani Camara,24,POR,PF,50,50,32.2,3.8,8.5,.448,1.5,4.1,.357,2.3,4.3,.535,.535,1.1,1.5,.733,2.3,3.6,5.9,2.0,1.4,0.6,1.5,3.0,10.2,
189,Amir Coffey,27,LAC,SG,50,11,26.0,3.5,7.4,.474,1.6,3.7,.424,2.0,3.7,.524,.580,1.6,1.8,.899,0.5,1.9,2.4,1.1,0.6,0.1,0.8,1.6,10.2,
190,Caris LeVert,30,CLE,SF,38,3,23.8,3.6,7.8,.453,1.6,3.9,.405,2.0,3.9,.500,.554,1.5,2.2,.699,0.6,2.2,2.8,3.7,0.9,0.5,1.3,1.3,10.2,
191,Bogdan Bogdanović,32,ATL,SG,24,0,24.9,3.5,9.3,.371,1.8,6.1,.301,1.6,3.3,.500,.469,1.3,1.4,.882,0.5,2.3,2.8,2.0,0.8,0.3,1.5,2.4,10.0,
192,Tosan Evbuomwan,23,BRK,SF,18,0,24.6,3.7,7.9,.462,0.8,2.5,.311,2.9,5.4,.531,.510,1.9,2.6,.723,1.1,3.0,4.1,1.7,0.7,0.4,1.7,1.9,10.0,
193,Keon Johnson,22,BRK,SG,50,30,23.1,3.6,9.6,.378,1.5,5.0,.301,2.1,4.6,.461,.456,1.3,1.7,.783,0.8,2.7,3.5,1.9,0.9,0.3,1.2,2.5,10.0,
194,Svi Mykhailiuk,27,UTA,SF,20,10,19.3,3.5,8.6,.409,2.2,6.2,.347,1.4,2.4,.574,.535,0.8,1.1,.762,0.5,2.0,2.5,1.9,0.7,0.3,1.6,1.3,10.0,
195,Nic Claxton,25,BRK,C,45,37,26.5,4.3,7.9,.548,0.0,0.3,.071,4.3,7.6,.567,.549,1.2,2.3,.529,2.0,5.5,7.5,2.0,0.9,1.3,1.2,2.1,9.9,
196,Zach Edey,22,MEM,C,37,30,20.9,4.1,6.9,.588,0.4,1.1,.359,3.7,5.8,.630,.616,1.4,2.0,.680,3.3,4.5,7.8,1.0,0.6,1.2,1.5,2.7,9.9,
197,GG Jackson II,20,MEM,PF,9,0,17.6,3.6,8.8,.405,1.2,4.4,.275,2.3,4.3,.538,.475,1.6,1.9,.824,1.3,2.6,3.9,0.9,0.6,0.2,1.4,1.0,9.9,
198,Obi Toppin,26,IND,PF,47,0,19.0,3.8,7.1,.536,1.1,3.4,.342,2.7,3.7,.710,.617,1.1,1.4,.797,0.7,3.3,4.0,1.5,0.7,0.4,0.7,1.4,9.9,
199,Gary Trent Jr.,26,MIL,SG,45,7,24.7,3.5,8.0,.436,2.2,5.2,.428,1.2,2.7,.451,.577,0.7,0.8,.889,0.2,2.1,2.3,1.1,1.0,0.0,0.6,1.9,9.9,
200,Cam Whitmore,20,HOU,SF,32,0,17.3,3.8,8.7,.435,1.3,3.9,.333,2.5,4.8,.520,.511,1.1,1.5,.708,0.8,2.4,3.2,0.8,0.7,0.3,1.1,1.0,9.9,
201,Luguentz Dort,25,OKC,SF,47,47,29.0,3.4,8.1,.423,2.3,5.5,.415,1.1,2.6,.438,.564,0.7,0.8,.821,1.5,2.8,4.3,1.7,1.1,0.7,0.7,3.1,9.8,
202,Isaiah Joe,25,OKC,SG,46,11,21.1,3.5,7.8,.443,2.5,6.1,.406,1.0,1.7,.575,.601,0.4,0.6,.731,0.5,2.0,2.5,1.4,0.7,0.1,0.5,1.6,9.8,
203,T.J. McConnell,32,IND,PG,49,0,18.6,4.5,8.6,.521,0.2,0.6,.267,4.3,8.0,.541,.531,0.7,0.9,.739,0.6,2.1,2.6,4.5,1.2,0.3,1.6,1.1,9.8,
204,Luke Kennard,28,MEM,SG,38,6,22.2,3.3,6.9,.473,2.2,4.6,.477,1.1,2.3,.466,.632,1.0,1.1,.884,0.7,2.3,2.9,3.4,0.7,0.1,1.1,0.7,9.7,
205,Jose Alvarado,26,NOP,PG,27,7,22.2,3.2,8.0,.405,2.2,5.3,.410,1.0,2.6,.394,.542,1.0,1.3,.794,0.4,1.5,2.0,4.1,1.3,0.3,1.1,2.0,9.6,
206,Scotty Pippen Jr.,24,MEM,PG,51,16,21.2,3.6,7.7,.468,1.0,2.8,.357,2.6,4.9,.532,.533,1.5,2.2,.673,0.8,2.6,3.4,4.6,1.2,0.4,1.8,2.6,9.6,
207,Jalen Wilson,24,BRK,PF,51,15,27.4,3.2,8.2,.395,1.4,4.5,.313,1.8,3.7,.492,.480,1.6,2.0,.820,1.1,2.4,3.5,1.9,0.5,0.0,1.1,2.2,9.5,
208,Clint Capela,30,ATL,C,45,41,22.4,4.2,7.3,.573,0.0,0.0,,4.2,7.3,.573,.573,1.0,1.9,.541,3.3,5.7,9.0,1.2,0.6,1.0,1.0,2.0,9.4,
209,Noah Clowney,20,BRK,PF,37,18,23.1,3.0,8.1,.375,2.0,5.6,.354,1.0,2.4,.422,.498,1.4,1.6,.850,0.9,3.0,3.9,0.8,0.5,0.5,1.0,2.4,9.4,
210,Dalton Knecht,23,LAL,SF,48,12,20.7,3.4,7.4,.465,1.6,4.5,.358,1.8,2.9,.630,.574,1.0,1.2,.825,0.5,2.6,3.1,0.9,0.3,0.1,0.5,1.3,9.4,
211,Royce O'Neale,31,PHO,SF,45,13,25.4,3.4,7.8,.429,2.4,5.8,.409,1.0,2.1,.484,.580,0.4,0.5,.773,0.8,4.3,5.1,2.1,1.0,0.6,0.9,2.2,9.4,
212,Brandin Podziemski,21,GSW,SG,38,10,24.7,3.4,8.1,.427,1.3,4.0,.327,2.1,4.1,.526,.508,1.2,1.6,.746,1.0,3.6,4.6,3.4,1.0,0.2,1.1,1.5,9.4,
213,Patrick Williams,23,CHI,PF,42,35,26.7,3.3,8.8,.377,1.6,4.6,.351,1.7,4.2,.407,.469,1.1,1.5,.770,0.7,3.4,4.2,2.2,0.8,0.6,1.4,1.3,9.4,
214,Ziaire Williams,23,BRK,SF,38,21,23.6,3.2,7.9,.400,1.3,4.0,.325,1.9,3.9,.477,.482,1.8,2.2,.819,1.1,3.7,4.8,1.4,1.0,0.4,1.1,2.4,9.4,
215,Jaime Jaquez Jr.,23,MIA,SF,45,10,23.1,3.3,7.6,.437,0.6,2.0,.297,2.7,5.6,.488,.477,2.0,2.7,.767,1.3,3.4,4.7,2.7,1.1,0.2,1.5,1.6,9.3,
216,Chris Paul,39,SAS,PG,49,49,29.1,3.1,7.4,.418,1.8,4.8,.368,1.3,2.7,.508,.536,1.4,1.4,.958,0.5,3.6,4.1,8.2,1.3,0.2,1.5,1.9,9.3,
217,Kevin Porter Jr.,24,LAC,SG,45,2,19.6,3.8,9.0,.423,0.6,2.4,.245,3.2,6.7,.485,.455,1.1,1.7,.645,0.6,2.9,3.6,3.2,1.0,0.2,1.9,1.6,9.3,
218,Brice Sensabaugh,21,UTA,SF,40,1,17.8,3.4,7.5,.450,1.7,4.5,.376,1.7,2.9,.564,.564,0.9,0.9,.946,0.6,2.0,2.6,1.3,0.6,0.1,1.4,1.4,9.3,
219,Julian Strawther,22,DEN,SG,52,1,22.0,3.3,7.6,.432,1.5,4.2,.361,1.8,3.4,.520,.532,1.2,1.4,.822,0.3,1.8,2.1,1.3,0.7,0.3,0.8,2.4,9.3,
220,Cole Anthony,24,ORL,PG,48,10,17.2,3.4,8.0,.421,1.0,3.1,.318,2.4,4.9,.487,.483,1.3,1.7,.790,0.6,2.2,2.9,2.8,0.6,0.3,1.6,2.2,9.1,
221,Goga Bitadze,25,ORL,C,42,38,23.9,3.9,6.2,.627,0.0,0.5,.105,3.8,5.7,.668,.631,1.3,2.0,.651,2.7,5.4,8.1,2.3,0.8,1.6,1.4,2.3,9.1,
222,Dereck Lively II,20,DAL,C,32,25,24.0,3.9,5.5,.701,0.0,0.0,,3.9,5.5,.701,.701,1.4,2.2,.638,3.1,4.8,7.8,2.6,0.5,1.7,1.2,2.9,9.1,
223,Caleb Martin,29,PHI,SF,31,24,30.4,3.3,7.5,.435,1.1,2.8,.379,2.2,4.7,.469,.506,1.5,2.4,.622,1.4,3.0,4.4,2.2,1.1,0.6,1.4,2.0,9.1,
224,Miles McBride,24,NYK,PG,41,0,23.3,3.3,7.9,.422,1.7,4.6,.367,1.6,3.3,.500,.530,0.8,1.0,.829,0.8,1.6,2.4,2.7,0.9,0.2,0.7,1.4,9.1,
225,Moses Moody,22,GSW,SG,43,5,18.5,3.1,7.0,.442,1.7,4.3,.398,1.4,2.7,.513,.565,1.2,1.6,.725,0.5,1.6,2.2,1.1,0.5,0.3,0.7,1.3,9.1,
226,Nick Richards,27,2TM,C,32,19,22.0,3.2,5.7,.566,0.0,0.1,.000,3.2,5.6,.572,.566,2.6,3.7,.701,2.6,5.9,8.5,1.1,0.3,1.2,1.6,2.5,9.0,
227,Nick Richards,27,CHO,C,21,9,21.0,3.0,5.4,.561,0.0,0.0,.000,3.0,5.4,.566,.561,2.8,4.1,.678,2.4,5.1,7.5,1.3,0.3,1.2,1.6,2.3,8.9,
228,Nick Richards,27,PHO,C,11,10,24.0,3.5,6.2,.574,0.0,0.1,.000,3.5,6.1,.582,.574,2.1,2.7,.767,2.8,7.5,10.4,0.6,0.3,1.1,1.7,2.9,9.2,
229,Kentavious Caldwell-Pope,31,ORL,SG,50,50,30.4,3.2,7.6,.416,1.5,4.7,.314,1.7,2.9,.583,.513,1.2,1.3,.881,0.4,1.7,2.0,1.8,1.5,0.5,0.9,1.9,9.0,
230,Dorian Finney-Smith,31,2TM,PF,35,24,27.0,3.2,6.8,.468,2.0,4.7,.427,1.2,2.1,.562,.616,0.5,0.8,.655,1.3,2.6,3.9,1.3,0.9,0.3,0.9,2.5,8.9,
231,Dorian Finney-Smith,31,BRK,PF,20,20,29.0,3.7,8.0,.459,2.4,5.4,.435,1.3,2.6,.510,.607,0.8,1.2,.625,1.6,3.0,4.6,1.6,0.9,0.6,0.9,2.7,10.4,
232,Dorian Finney-Smith,31,LAL,PF,15,4,24.5,2.5,5.2,.487,1.5,3.7,.411,1.0,1.5,.682,.635,0.3,0.3,.800,0.9,2.1,2.9,1.0,0.9,0.0,0.8,2.2,6.9,
233,Anthony Black,21,ORL,PG,49,9,24.7,3.1,7.7,.402,0.6,2.3,.261,2.5,5.3,.464,.441,2.1,2.8,.755,0.6,2.0,2.6,3.4,1.0,0.5,1.9,2.3,8.9,
234,Wendell Carter Jr.,25,ORL,C,40,26,25.7,3.2,6.9,.457,0.5,2.3,.209,2.7,4.6,.578,.491,2.1,2.9,.730,1.9,5.4,7.2,2.3,0.9,0.5,1.0,2.8,8.9,
235,Max Christie,21,2TM,SG,48,25,25.3,2.9,6.4,.450,1.3,3.5,.376,1.6,2.9,.540,.553,1.6,2.0,.830,0.6,2.3,2.9,1.5,0.8,0.5,0.9,1.6,8.8,
236,Max Christie,21,LAL,SG,46,25,25.1,2.8,6.3,.444,1.3,3.5,.368,1.5,2.7,.544,.549,1.6,1.9,.851,0.5,2.1,2.7,1.4,0.8,0.5,0.8,1.6,8.5,
237,Max Christie,21,DAL,SG,2,0,31.0,5.5,10.5,.524,2.0,3.5,.571,3.5,7.0,.500,.619,2.0,3.5,.571,2.0,5.5,7.5,3.5,0.5,0.5,1.0,1.5,15.0,
238,Yves Missi,20,NOP,C,48,42,27.2,3.5,6.3,.556,0.0,0.0,.000,3.5,6.3,.558,.556,1.8,2.7,.651,3.5,4.5,8.0,1.4,0.6,1.4,1.2,2.2,8.8,
239,Georges Niang,31,CLE,PF,51,1,20.6,3.3,6.8,.477,1.8,4.4,.400,1.5,2.4,.618,.606,0.5,0.6,.793,0.7,3.0,3.7,1.3,0.3,0.1,0.9,2.5,8.7,
240,Marcus Smart,30,MEM,PG,19,6,21.1,2.8,7.8,.358,1.5,4.7,.322,1.3,3.1,.414,.456,1.6,1.9,.833,0.7,1.5,2.3,3.7,1.2,0.3,1.8,1.6,8.7,
241,Nickeil Alexander-Walker,26,MIN,SG,52,4,23.9,3.1,7.1,.439,1.7,4.3,.396,1.4,2.8,.503,.559,0.7,1.0,.731,0.6,2.3,2.9,2.4,0.6,0.3,1.2,1.7,8.6,
242,Carlton Carrington,19,WAS,PG,51,36,29.1,3.2,8.0,.395,1.5,4.5,.341,1.6,3.5,.466,.491,0.7,0.9,.818,0.4,3.5,3.9,3.9,0.7,0.2,1.5,2.3,8.6,
243,Jusuf Nurkić,30,PHO,C,25,23,23.7,3.0,6.5,.454,0.8,2.4,.322,2.2,4.2,.529,.512,1.9,2.8,.696,1.8,7.3,9.2,1.9,0.9,0.6,2.3,3.1,8.6,
244,Ausar Thompson,22,DET,SF,30,19,20.6,3.5,6.8,.515,0.2,1.1,.219,3.3,5.7,.570,.532,1.3,2.2,.615,1.6,3.4,5.0,1.9,1.6,0.4,1.3,2.7,8.6,
245,Tristan Da Silva,23,ORL,SF,49,35,25.6,3.2,7.6,.427,1.2,3.8,.332,2.0,3.8,.522,.509,0.8,1.0,.854,1.2,2.7,4.0,1.7,0.5,0.2,0.9,1.5,8.5,
246,Max Strus,28,CLE,SF,24,11,24.8,3.0,7.1,.427,2.1,5.6,.378,0.9,1.5,.611,.576,0.3,0.4,.778,0.8,3.5,4.3,3.0,0.6,0.4,1.0,2.0,8.5,
247,Dalano Banton,25,POR,PG,40,0,15.2,3.0,7.3,.412,1.1,3.2,.357,1.9,4.1,.455,.490,1.3,1.9,.703,0.3,1.6,2.0,2.1,0.7,0.5,1.2,0.9,8.4,
248,Bruce Brown,28,TOR,PG,18,0,19.6,3.2,7.3,.435,0.6,2.0,.306,2.6,5.3,.484,.477,1.4,1.6,.897,0.9,2.8,3.8,1.6,0.9,0.2,1.1,1.4,8.4,
249,Draymond Green,34,GSW,PF,37,35,28.2,2.9,7.0,.421,1.3,3.6,.356,1.6,3.4,.492,.514,1.2,2.0,.595,0.9,5.0,5.9,5.5,1.1,1.1,2.4,3.1,8.4,
250,Jaden Hardy,22,DAL,SG,39,3,15.6,3.1,7.1,.430,1.3,3.4,.386,1.7,3.7,.469,.522,0.9,1.3,.740,0.2,1.4,1.6,1.4,0.5,0.1,1.5,1.6,8.4,
251,Jaylen Nowell,25,NOP,SG,8,0,21.0,3.3,9.1,.356,1.0,3.4,.296,2.3,5.8,.391,.411,0.9,1.4,.636,0.8,1.8,2.5,2.3,0.1,0.5,1.0,1.1,8.4,
252,Jalen Smith,24,CHI,C,47,1,15.3,3.0,6.4,.475,1.2,3.5,.350,1.8,2.9,.625,.570,1.2,1.4,.836,1.4,4.2,5.6,0.9,0.3,0.7,0.6,1.5,8.4,
253,Kel'el Ware,20,MIA,C,35,9,18.3,3.5,6.4,.542,0.7,1.8,.397,2.8,4.6,.599,.598,0.7,1.0,.743,1.3,4.4,5.7,0.7,0.6,1.0,0.7,1.3,8.4,
254,Mike Conley,37,MIN,PG,47,41,25.1,2.6,7.0,.371,1.8,4.6,.390,0.8,2.4,.333,.500,1.2,1.4,.906,0.5,2.2,2.7,4.6,1.2,0.2,1.1,1.4,8.2,
255,Larry Nance Jr.,32,ATL,PF,22,3,19.2,3.2,6.3,.507,1.5,3.1,.464,1.7,3.1,.551,.623,0.4,0.5,.750,0.9,3.4,4.3,1.6,0.9,0.5,0.6,1.5,8.2,
256,Aaron Nesmith,25,IND,SF,15,8,20.9,2.7,5.5,.494,1.0,2.4,.417,1.7,3.1,.553,.584,1.7,1.9,.897,0.5,2.9,3.3,1.3,0.6,0.3,0.7,2.6,8.2,
257,Trendon Watford,24,BRK,PF,17,0,16.6,2.9,6.6,.442,0.5,1.9,.281,2.4,4.8,.506,.482,1.8,2.2,.811,0.4,2.6,3.1,1.4,0.5,0.3,1.3,2.2,8.2,
258,Justin Edwards,21,PHI,SF,22,7,23.9,3.0,6.5,.469,1.5,4.0,.375,1.5,2.5,.618,.584,0.5,0.8,.647,1.0,2.1,3.1,1.4,0.8,0.3,0.9,2.1,8.1,
259,Peyton Watson,22,DEN,SF,48,12,24.1,2.9,6.2,.471,0.7,2.0,.340,2.3,4.2,.532,.525,1.6,2.1,.752,0.8,2.6,3.4,1.5,0.9,1.2,0.9,1.7,8.1,
260,Tyrese Martin,25,BRK,SG,34,6,21.2,2.9,7.3,.398,1.6,4.5,.346,1.4,2.8,.479,.504,0.6,0.9,.700,1.0,2.9,3.9,1.7,0.4,0.1,1.3,1.1,8.0,
261,Day'Ron Sharpe,23,BRK,C,30,0,17.3,3.2,6.3,.513,0.2,1.0,.200,3.0,5.3,.572,.529,1.4,1.8,.774,2.8,3.2,6.0,1.5,0.7,0.6,1.2,2.1,8.0,
262,Brandon Clarke,28,MEM,PF,47,18,18.8,3.5,5.7,.619,0.0,0.3,.063,3.5,5.4,.655,.621,0.8,1.2,.684,1.8,3.2,5.0,1.0,0.9,0.6,0.6,2.4,7.9,
263,Kyshawn George,21,WAS,SG,46,16,25.7,2.7,7.4,.363,1.6,5.2,.308,1.1,2.3,.486,.469,0.9,1.2,.764,0.8,3.0,3.8,2.2,0.9,0.6,1.3,3.0,7.9,
264,Al Horford,38,BOS,C,40,26,26.2,2.9,7.1,.408,1.8,5.0,.350,1.1,2.1,.549,.532,0.4,0.4,.875,1.1,4.2,5.3,1.9,0.6,0.9,0.7,1.4,7.9,
265,Kevin Huerter,26,SAC,SG,43,15,20.9,3.0,7.2,.413,1.4,4.8,.302,1.5,2.4,.629,.513,0.5,0.7,.714,0.4,2.3,2.8,1.7,0.8,0.4,0.9,1.6,7.9,
266,Nick Smith Jr.,20,CHO,SG,31,12,18.3,3.1,7.5,.411,1.5,4.1,.357,1.6,3.4,.476,.509,0.3,0.4,.833,0.2,1.8,2.0,1.7,0.4,0.2,1.0,1.1,7.9,
267,Justin Champagnie,23,WAS,SF,32,13,18.8,3.0,5.9,.511,1.1,2.9,.380,1.9,3.1,.633,.603,0.6,1.0,.645,1.4,3.1,4.5,0.9,1.0,0.6,0.8,1.8,7.8,
268,Jay Huff,26,MEM,C,44,1,12.9,2.7,5.2,.524,1.5,3.5,.421,1.3,1.8,.727,.664,0.8,1.1,.771,0.5,1.7,2.2,0.7,0.3,0.9,0.6,1.4,7.8,
269,Trayce Jackson-Davis,24,GSW,C,47,37,19.2,3.4,5.9,.568,0.0,0.0,.000,3.4,5.9,.570,.568,1.1,1.8,.605,2.3,3.8,6.1,2.1,0.5,0.7,0.8,1.4,7.8,
270,Cody Martin,29,CHO,SF,39,8,24.8,3.0,6.9,.433,1.0,3.2,.323,1.9,3.7,.528,.507,0.9,1.3,.694,1.0,3.5,4.5,2.3,1.1,0.7,1.1,1.8,7.8,
271,Keon Ellis,25,SAC,SG,49,11,21.9,2.6,5.4,.477,1.6,3.8,.435,0.9,1.6,.575,.629,0.9,1.1,.868,0.8,1.7,2.4,1.3,1.4,0.8,0.8,1.8,7.7,
272,Ja'Kobe Walter,20,TOR,SG,33,9,19.3,2.8,6.9,.406,1.0,3.3,.309,1.8,3.6,.496,.480,1.1,1.5,.700,0.7,1.7,2.4,1.5,0.7,0.2,0.8,1.9,7.7,
273,A.J. Green,25,MIL,SG,43,5,21.9,2.6,5.9,.439,2.2,5.0,.429,0.4,0.8,.500,.623,0.3,0.3,.867,0.3,2.0,2.3,1.3,0.5,0.1,0.6,2.1,7.6,
274,Taurean Prince,30,MIL,SF,50,43,25.7,2.7,6.0,.457,1.8,3.9,.456,1.0,2.1,.458,.603,0.4,0.5,.792,0.5,3.1,3.6,2.0,0.8,0.1,1.0,2.0,7.6,
275,Josh Green,24,CHO,SG,45,44,28.6,2.6,6.0,.438,1.4,3.5,.410,1.2,2.6,.474,.555,0.8,1.1,.700,1.0,1.9,2.8,1.5,1.1,0.2,0.9,2.7,7.5,
276,Sam Hauser,27,BOS,PF,43,7,19.9,2.7,6.1,.439,2.1,5.3,.398,0.6,0.8,.694,.611,0.0,0.0,1.000,0.6,2.3,2.9,1.0,0.7,0.2,0.4,1.1,7.5,
277,Garrison Mathews,28,ATL,SG,43,2,17.7,2.1,5.5,.390,1.8,4.7,.385,0.3,0.8,.417,.553,1.5,1.8,.829,0.3,1.5,1.8,1.3,0.6,0.3,0.7,1.7,7.5,
278,Vasilije Micić,31,CHO,PG,36,16,21.2,2.6,7.6,.348,1.3,3.5,.360,1.4,4.1,.338,.430,0.9,1.1,.829,0.6,1.9,2.4,3.5,0.4,0.0,2.1,1.2,7.5,
279,Jake LaRavia,23,MEM,PF,47,0,20.9,2.5,5.1,.490,0.9,1.9,.444,1.7,3.2,.517,.573,1.4,2.0,.698,1.4,2.9,4.4,2.8,0.9,0.4,1.5,2.0,7.3,
280,Cason Wallace,21,OKC,SG,46,32,27.4,3.0,6.8,.442,1.0,2.9,.333,2.0,3.8,.525,.514,0.3,0.4,.778,1.1,2.4,3.5,2.4,1.8,0.6,0.7,2.2,7.3,
281,Lonzo Ball,27,CHI,PG,30,9,21.6,2.4,6.5,.362,1.8,5.4,.340,0.5,1.1,.471,.503,0.6,0.7,.857,0.7,2.8,3.4,3.5,1.5,0.5,1.2,1.7,7.2,
282,Bones Hyland,24,LAC,PG,20,0,11.1,2.3,5.8,.391,1.6,4.0,.388,0.7,1.8,.400,.526,1.2,1.3,.885,0.3,1.0,1.2,1.4,0.9,0.2,1.2,1.3,7.2,
283,Johnny Juzang,23,UTA,SG,34,5,17.6,2.4,5.9,.413,1.6,4.2,.392,0.8,1.7,.466,.552,0.6,0.7,.880,0.6,2.1,2.6,1.0,0.4,0.1,0.5,2.0,7.2,
284,Cameron Payne,30,NYK,PG,45,1,14.3,2.5,5.9,.419,1.4,3.7,.389,1.0,2.2,.470,.541,0.7,0.8,.892,0.2,1.2,1.4,2.5,0.6,0.2,0.6,1.6,7.2,
285,Sam Merrill,28,CLE,SG,43,2,18.9,2.3,6.0,.393,1.9,5.2,.359,0.5,0.8,.618,.549,0.6,0.6,.962,0.5,1.4,1.9,1.6,0.6,0.2,0.5,1.8,7.1,
286,Kelly Olynyk,33,TOR,C,24,2,16.0,2.5,4.9,.500,0.8,1.8,.442,1.7,3.1,.533,.581,1.4,1.8,.791,1.0,2.7,3.7,2.3,0.7,0.3,1.5,2.5,7.1,
287,Quinten Post,24,GSW,PF,13,5,14.2,2.6,5.9,.442,1.3,3.6,.362,1.3,2.3,.567,.552,0.5,0.5,1.000,0.9,2.5,3.4,1.8,0.2,0.2,0.5,1.9,7.1,
288,Eric Gordon,36,PHI,SG,38,13,20.0,2.3,5.4,.426,1.5,3.6,.409,0.8,1.8,.463,.564,0.9,1.3,.750,0.2,1.0,1.2,1.7,0.7,0.3,0.7,0.8,7.0,
289,Isaiah Jackson,23,IND,C,5,1,16.8,2.8,4.6,.609,0.0,0.0,,2.8,4.6,.609,.609,1.4,2.8,.500,2.2,3.4,5.6,1.0,0.6,1.6,1.0,2.8,7.0,
290,Josh Okogie,26,2TM,SG,32,2,15.6,2.5,5.2,.473,0.8,2.0,.385,1.7,3.2,.529,.548,1.2,1.6,.725,1.3,1.7,3.0,0.8,1.3,0.5,0.8,1.2,6.9,
291,Josh Okogie,26,PHO,SG,25,1,14.0,2.2,4.6,.491,0.6,1.7,.381,1.6,2.9,.556,.561,0.9,1.3,.688,1.3,1.6,2.9,0.6,0.8,0.4,0.6,1.1,6.0,
292,Josh Okogie,26,CHO,SG,7,1,21.3,3.3,7.6,.434,1.3,3.3,.391,2.0,4.3,.467,.519,2.1,2.7,.789,1.3,2.1,3.4,1.4,2.7,0.7,1.3,1.6,10.0,
293,Jared Butler,24,WAS,PG,32,0,11.3,2.7,5.5,.483,0.5,1.3,.366,2.2,4.2,.519,.526,1.1,1.4,.778,0.4,0.8,1.3,2.6,0.4,0.2,0.9,1.3,6.9,
294,Torrey Craig,34,CHI,SF,9,1,12.6,2.4,5.0,.489,1.7,3.9,.429,0.8,1.1,.700,.656,0.3,0.4,.750,0.9,1.9,2.8,0.6,0.2,0.1,0.0,1.7,6.9,
295,Andre Drummond,31,PHI,C,29,16,18.8,2.8,5.6,.509,0.0,0.4,.091,2.8,5.2,.540,.512,1.2,2.1,.574,2.4,5.1,7.5,0.6,1.1,0.4,1.6,2.4,6.9,
296,Ryan Dunn,22,PHO,SF,46,27,19.2,2.8,6.2,.446,1.0,3.2,.311,1.8,3.0,.591,.526,0.2,0.5,.478,1.0,2.5,3.5,0.9,0.5,0.6,0.4,2.4,6.8,
297,Ricky Council IV,23,PHI,SF,43,4,14.9,2.2,5.3,.417,0.7,2.3,.310,1.5,3.0,.500,.485,1.5,1.8,.808,0.7,1.7,2.4,1.1,0.5,0.2,0.6,0.9,6.7,
298,Mouhamed Gueye,22,ATL,PF,6,2,15.2,3.0,7.0,.429,0.3,3.2,.105,2.7,3.8,.696,.452,0.3,0.5,.667,0.8,3.7,4.5,0.3,1.2,1.0,0.2,0.8,6.7,
299,Vit Krejci,24,ATL,PG,37,15,20.6,2.4,5.5,.441,1.4,3.6,.378,1.0,1.8,.567,.567,0.5,0.8,.655,0.4,2.2,2.6,2.5,0.7,0.5,0.9,1.9,6.7,
300,Elfrid Payton,30,NOP,PG,7,3,20.6,3.3,6.6,.500,0.0,0.1,.000,3.3,6.4,.511,.500,0.1,0.3,.500,0.7,2.7,3.4,6.9,1.4,0.4,2.9,1.4,6.7,
301,Precious Achiuwa,25,NYK,C,30,3,20.5,2.8,5.1,.546,0.3,0.7,.381,2.5,4.4,.573,.572,0.7,1.2,.611,2.1,3.8,5.8,1.0,1.0,0.8,0.8,1.6,6.5,
302,Isaiah Collier,20,UTA,PG,42,17,23.0,2.7,6.6,.403,0.5,2.1,.211,2.2,4.5,.495,.437,0.7,1.0,.636,0.4,2.5,2.9,5.5,0.8,0.2,2.7,2.2,6.5,
303,Trey Lyles,29,SAC,PF,41,2,19.6,2.2,5.5,.398,1.3,3.7,.340,0.9,1.8,.521,.513,0.8,1.1,.750,1.1,3.6,4.6,1.0,0.6,0.5,0.6,1.2,6.5,
304,Simone Fontecchio,29,DET,SF,47,0,17.7,2.1,5.4,.393,1.1,3.3,.333,1.0,2.0,.490,.496,1.1,1.3,.820,0.7,2.2,2.9,0.9,0.4,0.2,0.8,1.3,6.4,
305,Haywood Highsmith,28,MIA,SF,48,39,23.9,2.4,5.2,.468,1.2,3.0,.390,1.2,2.1,.578,.583,0.4,0.5,.692,0.8,2.3,3.1,1.2,0.9,0.6,0.7,2.0,6.4,
306,KJ Martin,24,PHI,PF,24,7,20.0,2.5,4.1,.616,0.3,0.9,.381,2.2,3.3,.679,.657,1.0,1.2,.828,0.9,2.1,3.0,0.8,0.5,0.7,0.5,2.6,6.4,
307,Ajay Mitchell,22,OKC,SG,34,1,16.5,2.5,4.9,.506,0.6,1.5,.431,1.8,3.4,.539,.572,0.8,1.0,.848,0.5,1.5,2.0,1.7,0.7,0.1,0.8,1.7,6.4,
308,Thomas Bryant,27,2TM,C,34,2,14.1,2.4,4.6,.513,0.8,2.1,.380,1.6,2.5,.624,.599,0.8,0.9,.871,1.3,2.4,3.8,0.9,0.5,0.6,0.4,0.9,6.3,
309,Thomas Bryant,27,MIA,C,10,0,11.5,1.2,2.8,.429,0.6,1.7,.353,0.6,1.1,.545,.536,1.1,1.1,1.000,0.6,2.6,3.2,0.4,0.1,0.9,0.2,0.9,4.1,
310,Thomas Bryant,27,IND,C,24,2,15.2,2.8,5.3,.531,0.9,2.3,.389,2.0,3.1,.635,.613,0.7,0.8,.800,1.6,2.4,4.0,1.1,0.6,0.5,0.5,0.9,7.2,
311,Ron Holland,19,DET,SF,52,1,15.5,2.4,5.3,.453,0.5,2.1,.262,1.9,3.3,.574,.504,1.0,1.2,.797,0.5,2.2,2.7,0.8,0.6,0.1,0.9,1.8,6.3,
312,Davion Mitchell,26,TOR,PG,44,22,24.5,2.4,5.5,.434,1.0,2.7,.359,1.5,2.9,.504,.520,0.6,0.8,.676,0.4,1.6,1.9,4.6,0.7,0.2,1.8,2.6,6.3,
313,Shake Milton,28,2TM,SG,39,1,16.3,2.2,4.8,.463,0.8,2.2,.365,1.4,2.6,.544,.545,0.9,1.2,.800,0.5,1.3,1.8,2.1,0.5,0.1,0.7,1.4,6.2,
314,Shake Milton,28,BRK,SG,27,1,18.2,2.7,5.8,.465,1.0,2.7,.389,1.7,3.1,.529,.554,0.9,1.2,.758,0.6,1.3,1.9,2.4,0.6,0.0,0.7,1.6,7.4,
315,Shake Milton,28,LAL,SG,12,0,11.9,1.2,2.6,.452,0.3,1.1,.231,0.9,1.5,.611,.500,0.9,1.0,.917,0.3,1.4,1.8,1.5,0.3,0.2,0.8,0.9,3.5,
316,Ben Simmons,28,BRK,PG,33,24,25.0,2.8,5.2,.547,0.0,0.0,,2.8,5.2,.547,.547,0.5,0.8,.692,0.9,4.3,5.2,6.9,0.8,0.5,2.7,2.5,6.2,
317,KJ Simpson,22,CHO,PG,19,1,18.0,2.2,6.8,.318,0.6,3.0,.211,1.5,3.8,.403,.364,1.3,1.6,.800,1.1,1.2,2.3,2.3,0.7,0.2,1.1,1.5,6.2,
318,Dru Smith,27,MIA,SG,14,1,19.1,2.2,4.4,.508,1.1,2.1,.533,1.1,2.2,.484,.639,0.6,0.9,.750,0.9,1.7,2.6,1.6,1.5,0.4,1.2,2.1,6.2,
319,Jarace Walker,21,IND,PF,48,1,16.7,2.3,4.8,.470,0.9,2.5,.378,1.3,2.4,.566,.567,0.7,1.2,.625,0.4,2.9,3.2,1.5,0.9,0.4,1.1,1.7,6.2,
320,Kyle Filipowski,21,UTA,C,40,8,17.9,2.3,4.7,.487,0.6,1.9,.307,1.7,2.9,.605,.548,0.9,1.5,.617,1.2,3.6,4.8,1.8,0.5,0.2,1.0,1.9,6.1,
321,Matas Buzelis,20,CHI,SF,50,1,14.2,2.1,5.0,.428,0.9,2.4,.364,1.3,2.6,.488,.516,0.8,1.0,.800,0.6,2.2,2.8,0.4,0.3,0.9,0.6,1.5,6.0,
322,Terance Mann,28,LAC,SG,37,12,19.8,2.4,5.3,.446,0.7,2.0,.347,1.6,3.2,.508,.513,0.6,0.9,.719,0.9,2.0,2.9,1.6,0.8,0.3,0.7,1.8,6.0,
323,Dean Wade,28,CLE,PF,35,26,22.8,2.1,5.1,.408,1.5,4.3,.349,0.6,0.9,.700,.553,0.4,0.7,.520,1.0,4.1,5.1,1.6,0.9,0.5,0.3,1.9,6.0,
324,James Wiseman,23,IND,C,1,0,5.0,2.0,4.0,.500,0.0,1.0,.000,2.0,3.0,.667,.500,2.0,2.0,1.000,0.0,1.0,1.0,0.0,0.0,0.0,0.0,0.0,6.0,
325,Javonte Green,31,NOP,SG,46,17,22.1,2.0,4.5,.447,0.8,2.1,.371,1.2,2.4,.514,.534,1.1,1.4,.758,1.1,2.5,3.6,0.9,1.1,0.6,0.6,1.5,5.9,
326,Talen Horton-Tucker,24,CHI,SG,40,0,11.5,2.1,4.6,.457,0.8,2.0,.383,1.3,2.6,.515,.541,0.9,1.2,.729,0.4,1.4,1.7,1.3,0.4,0.2,0.7,1.0,5.9,
327,Jonathan Isaac,27,ORL,PF,47,0,16.5,2.1,5.2,.402,0.6,2.5,.246,1.5,2.7,.547,.461,1.1,1.6,.667,1.9,3.0,4.8,0.5,0.8,1.3,0.4,1.4,5.9,
328,Marcus Sasser,24,DET,PG,41,0,14.2,2.2,4.9,.453,0.9,2.5,.340,1.4,2.4,.571,.540,0.6,0.6,.885,0.3,0.9,1.2,2.3,0.7,0.1,1.0,1.3,5.9,
329,Jamal Shead,22,TOR,PG,46,1,17.2,2.3,5.4,.419,0.8,2.3,.352,1.4,3.0,.471,.496,0.5,0.7,.727,0.3,0.9,1.2,3.6,0.6,0.1,1.5,1.9,5.9,
330,Jaylin Williams,22,OKC,PF,23,5,17.1,2.1,5.4,.392,1.2,3.7,.314,1.0,1.7,.564,.500,0.4,0.4,1.000,1.4,4.3,5.7,2.4,0.4,0.7,0.7,1.8,5.9,
331,Kris Dunn,30,LAC,PG,44,29,22.5,2.4,5.8,.410,0.9,3.0,.293,1.5,2.8,.537,.486,0.2,0.3,.500,0.7,2.6,3.3,2.8,1.5,0.3,1.1,2.5,5.8,
332,Isaac Okoro,24,CLE,SG,28,16,19.7,2.0,4.7,.427,1.1,2.8,.397,0.9,1.9,.472,.546,0.6,0.9,.720,0.8,1.3,2.1,1.6,0.7,0.4,0.4,2.0,5.8,
333,Ben Sheppard,23,IND,SG,36,8,20.4,2.1,5.0,.420,1.3,3.5,.360,0.9,1.6,.554,.544,0.3,0.4,.846,0.7,1.9,2.6,1.3,0.6,0.3,0.3,2.3,5.8,
334,Keaton Wallace,25,ATL,PG,24,3,17.3,2.2,5.1,.423,1.0,2.7,.354,1.2,2.4,.500,.516,0.5,0.5,1.000,0.2,1.3,1.5,2.3,0.9,0.3,1.2,1.3,5.8,
335,Drew Eubanks,27,2TM,C,39,4,15.1,2.3,3.8,.611,0.1,0.1,.600,2.3,3.7,.611,.621,0.9,1.5,.632,1.1,3.4,4.5,1.2,0.3,0.8,0.8,1.2,5.7,
336,Drew Eubanks,27,UTA,C,37,4,15.4,2.4,3.9,.607,0.1,0.1,.600,2.3,3.8,.607,.617,1.0,1.5,.632,1.1,3.5,4.5,1.2,0.3,0.9,0.8,1.2,5.8,
337,Drew Eubanks,27,LAC,C,2,0,10.0,1.5,2.0,.750,0.0,0.0,,1.5,2.0,.750,.750,0.0,0.0,,1.0,2.0,3.0,0.0,0.0,0.0,0.0,0.5,3.0,
338,Alec Burks,33,MIA,SG,26,0,16.2,1.8,4.3,.411,1.4,3.2,.429,0.4,1.1,.357,.571,0.8,1.0,.808,0.3,1.8,2.1,1.1,0.6,0.2,0.3,0.7,5.7,
339,Alex Caruso,30,OKC,SG,30,0,19.0,2.2,5.6,.395,1.0,3.3,.296,1.2,2.3,.536,.482,0.3,0.4,.750,0.7,2.1,2.8,2.5,1.8,0.5,0.6,1.9,5.7,
340,Rob Dillingham,20,MIN,PG,27,0,11.6,2.4,4.9,.489,0.8,1.9,.423,1.6,2.9,.532,.573,0.1,0.3,.429,0.2,0.9,1.1,2.3,0.3,0.0,1.3,1.0,5.7,
341,Quenton Jackson,26,IND,PG,18,7,14.1,2.2,4.2,.513,0.5,1.3,.375,1.7,2.9,.577,.572,0.8,1.2,.714,0.6,0.9,1.5,1.7,0.5,0.3,0.6,1.8,5.7,
342,Isaiah Stewart,23,DET,C,47,3,20.2,2.3,4.3,.529,0.2,0.7,.265,2.1,3.6,.582,.551,0.9,1.1,.820,2.0,3.8,5.8,1.7,0.4,1.3,0.9,2.4,5.7,
343,Robert Williams,27,POR,C,18,3,17.7,2.4,3.8,.632,0.1,0.2,.333,2.3,3.6,.646,.640,0.8,0.9,.882,1.8,4.2,6.0,1.1,0.6,1.7,0.9,1.6,5.7,
344,Jamison Battle,23,TOR,SF,36,0,12.7,1.9,4.1,.470,1.3,3.1,.429,0.6,1.0,.595,.631,0.3,0.4,.857,0.6,1.3,1.8,0.9,0.1,0.1,0.3,1.1,5.6,
345,Seth Curry,34,CHO,SG,42,8,13.8,2.1,4.4,.475,1.1,2.3,.464,1.0,2.0,.488,.598,0.4,0.4,.889,0.4,1.1,1.5,0.6,0.4,0.1,0.4,0.9,5.6,
346,Kenrich Williams,30,OKC,PF,39,1,14.4,2.2,4.5,.486,0.8,2.2,.356,1.4,2.3,.611,.573,0.4,0.4,.882,0.9,2.4,3.3,1.1,0.6,0.1,0.6,1.6,5.6,
347,Jaxson Hayes,24,LAL,C,28,7,17.4,2.2,3.3,.663,0.0,0.1,.000,2.2,3.2,.678,.663,1.2,1.6,.750,1.3,2.7,4.0,1.0,0.5,0.9,0.7,2.1,5.5,
348,Kevin Love,36,MIA,PF,19,6,10.9,1.8,5.2,.354,1.1,3.1,.362,0.7,2.2,.341,.460,0.7,1.0,.684,0.9,3.2,4.1,1.0,0.7,0.1,0.7,0.9,5.5,
349,Jeremiah Robinson-Earl,24,NOP,PF,42,6,17.9,2.1,4.8,.441,0.7,2.2,.301,1.5,2.6,.560,.510,0.6,0.7,.862,1.7,3.0,4.7,1.2,0.7,0.1,0.7,1.3,5.5,
350,Lindy Waters III,27,GSW,SG,38,9,17.2,2.0,5.4,.371,1.3,3.9,.331,0.7,1.5,.474,.490,0.2,0.3,.727,0.4,2.1,2.6,1.1,0.6,0.3,0.4,1.4,5.5,
351,DaQuan Jeffries,27,CHO,SG,18,1,18.1,2.0,4.7,.424,0.9,2.7,.354,1.1,2.1,.514,.524,0.4,0.5,.889,0.9,2.0,2.9,1.2,0.7,0.4,0.6,2.0,5.4,
352,Gabe Vincent,28,LAL,PG,42,5,20.3,2.0,5.0,.409,1.2,3.4,.354,0.8,1.5,.531,.531,0.1,0.2,.500,0.3,1.0,1.3,1.3,0.7,0.2,0.6,2.1,5.4,
353,Kyle Anderson,31,GSW,PF,36,3,15.0,2.1,4.7,.450,0.5,1.4,.365,1.6,3.3,.487,.506,0.5,0.8,.667,0.8,2.3,3.1,2.3,0.7,0.6,0.6,1.1,5.3,
354,Kobe Bufkin,21,ATL,SG,10,0,12.4,1.8,4.7,.383,0.4,1.9,.211,1.4,2.8,.500,.426,1.3,1.8,.722,0.5,1.6,2.1,1.7,0.3,0.2,0.8,0.9,5.3,
355,Jonathan Mogbo,23,TOR,PF,39,7,16.9,2.1,4.4,.471,0.3,0.8,.400,1.7,3.6,.486,.506,0.9,1.3,.714,1.7,2.4,4.2,1.6,0.7,0.4,0.8,1.9,5.3,
356,Isaiah Wong,24,CHO,SG,18,0,12.6,1.8,4.9,.360,0.5,1.6,.310,1.3,3.3,.383,.410,1.3,1.8,.719,0.8,0.9,1.7,1.4,0.6,0.0,0.8,1.1,5.3,
357,Kevon Looney,28,GSW,C,45,6,16.4,2.2,4.3,.521,0.0,0.0,.000,2.2,4.2,.526,.521,0.7,1.4,.516,3.0,4.0,6.9,1.9,0.7,0.4,0.6,2.2,5.2,
358,Gary Payton II,32,GSW,SG,40,10,13.5,2.2,4.1,.540,0.3,1.3,.216,1.9,2.8,.688,.574,0.5,0.7,.724,0.9,2.1,3.0,1.3,0.7,0.3,0.7,1.7,5.2,
359,Neemias Queta,25,BOS,C,40,5,14.5,2.2,3.3,.659,0.0,0.1,.000,2.2,3.3,.669,.659,0.8,1.1,.727,1.4,2.3,3.7,0.7,0.3,0.7,0.6,1.8,5.2,
360,Luke Kornet,29,BOS,C,46,6,16.9,2.1,3.2,.646,0.0,0.0,,2.1,3.2,.646,.646,1.0,1.3,.754,2.3,2.7,4.9,1.6,0.5,0.9,0.4,1.5,5.1,
361,Donovan Clingan,20,POR,C,38,10,16.1,2.1,4.0,.523,0.2,0.6,.273,1.9,3.4,.565,.542,0.7,1.0,.658,2.7,3.8,6.4,0.7,0.4,1.5,1.2,2.6,5.0,
362,Monte Morris,29,PHO,PG,39,0,13.0,1.8,4.3,.416,0.6,1.8,.310,1.2,2.4,.495,.482,0.9,1.0,.850,0.3,1.2,1.4,1.7,0.4,0.1,0.4,0.5,5.0,
363,Ryan Rollins,22,MIL,PG,34,6,12.2,1.9,4.1,.460,0.6,1.7,.373,1.2,2.4,.525,.540,0.6,0.7,.826,0.4,1.2,1.6,1.2,0.7,0.4,0.9,1.4,5.0,
364,Alondes Williams,25,DET,SG,1,0,4.0,2.0,2.0,1.000,1.0,1.0,1.000,1.0,1.0,1.000,1.250,0.0,0.0,,0.0,0.0,0.0,1.0,0.0,0.0,0.0,0.0,5.0,
365,Vince Williams Jr.,24,MEM,SG,4,0,14.5,2.3,6.0,.375,0.3,2.0,.125,2.0,4.0,.500,.396,0.3,1.3,.200,1.8,2.0,3.8,2.8,0.5,0.5,1.8,2.3,5.0,
366,Marvin Bagley III,25,WAS,C,19,1,8.7,2.0,3.7,.535,0.1,0.5,.200,1.9,3.2,.590,.549,0.8,1.2,.652,1.4,1.5,2.9,0.4,0.4,0.3,0.6,0.6,4.9,
367,Richaun Holmes,31,WAS,PF,14,2,13.9,1.9,3.3,.587,0.0,0.1,.000,1.9,3.1,.614,.587,1.0,1.3,.778,1.6,3.0,4.6,1.1,0.1,0.6,0.4,1.3,4.9,
368,Jordan Miller,25,LAC,SF,29,0,12.8,1.9,4.3,.429,0.3,1.2,.222,1.6,3.1,.511,.460,0.9,1.1,.788,0.8,1.0,1.8,1.1,0.5,0.2,0.8,0.7,4.9,
369,Tidjane Salaün,19,CHO,PF,36,8,18.5,1.7,5.1,.330,0.9,3.1,.292,0.8,1.9,.391,.420,0.7,1.0,.686,1.1,3.1,4.1,1.1,0.6,0.2,0.9,1.3,4.9,
370,Jaylen Clark,23,MIN,SG,10,0,11.6,1.6,3.4,.471,0.8,1.7,.471,0.8,1.7,.471,.588,0.8,1.0,.800,0.9,0.6,1.5,0.5,0.3,0.1,0.1,1.6,4.8,
371,Moussa Diabaté,23,CHO,C,42,5,19.0,2.0,3.3,.594,0.0,0.0,.000,2.0,3.2,.603,.594,0.8,1.4,.559,3.1,4.0,7.1,0.9,0.7,0.7,0.9,1.6,4.7,
372,Taylor Hendricks,21,UTA,PF,3,3,25.0,1.3,6.0,.222,1.0,4.0,.250,0.3,2.0,.167,.306,1.0,1.3,.750,1.7,3.3,5.0,0.7,1.7,1.3,0.7,2.7,4.7,
373,Sandro Mamukelashvili,25,SAS,PF,31,0,8.3,1.7,3.0,.565,0.7,1.7,.426,0.9,1.2,.763,.690,0.6,0.9,.704,0.6,1.8,2.4,0.5,0.2,0.3,0.4,0.6,4.7,
374,Trevelin Queen,27,ORL,SG,23,2,15.2,1.8,4.9,.366,0.7,2.6,.271,1.1,2.3,.472,.438,0.5,0.6,.846,0.9,0.9,1.7,1.4,1.0,0.3,0.9,1.6,4.7,
375,Oscar Tshiebwe,25,UTA,C,3,0,15.3,1.3,2.0,.667,0.0,0.0,,1.3,2.0,.667,.667,2.0,2.7,.750,1.7,5.0,6.7,0.0,1.3,0.0,0.3,3.3,4.7,
376,Mo Bamba,26,LAC,C,28,2,12.6,1.7,3.7,.466,0.5,1.8,.300,1.2,1.9,.623,.539,0.6,0.9,.680,0.9,3.4,4.3,0.6,0.3,1.0,0.7,1.8,4.6,
377,Charles Bassey,24,SAS,C,32,1,10.8,2.0,3.4,.573,0.0,0.0,,2.0,3.4,.573,.573,0.7,1.0,.636,1.7,2.8,4.6,0.4,0.4,0.9,0.7,1.4,4.6,
378,Zach Collins,27,SAS,C,36,4,11.8,1.7,3.7,.462,0.4,1.3,.304,1.3,2.4,.547,.515,0.9,1.0,.886,1.1,1.8,2.8,1.4,0.4,0.4,0.6,1.9,4.6,
379,Malaki Branham,21,SAS,SG,30,0,9.6,1.6,3.8,.434,0.7,1.8,.396,0.9,2.0,.467,.527,0.6,0.7,.850,0.1,1.0,1.1,0.9,0.2,0.1,0.9,0.5,4.5,
380,Trentyn Flowers,19,LAC,SF,2,0,8.0,2.0,4.5,.444,0.0,1.0,.000,2.0,3.5,.571,.444,0.5,0.5,1.000,0.5,1.5,2.0,0.0,0.0,0.0,0.5,1.5,4.5,
381,Kylor Kelley,27,DAL,C,4,1,13.5,1.8,2.3,.778,0.0,0.0,,1.8,2.3,.778,.778,1.0,1.5,.667,1.8,2.8,4.5,0.3,0.0,0.5,0.3,1.5,4.5,
382,Dariq Whitehead,20,BRK,SF,8,0,7.0,1.5,3.1,.480,1.4,2.6,.524,0.1,0.5,.250,.700,0.1,0.4,.333,0.1,0.5,0.6,0.1,0.4,0.1,0.4,0.3,4.5,
383,David Roddy,23,ATL,PF,27,3,12.8,1.6,3.4,.473,0.6,1.6,.372,1.0,1.9,.560,.559,0.7,0.8,.818,0.4,2.2,2.6,1.1,0.4,0.3,0.7,0.7,4.5,
384,Pat Connaughton,32,MIL,SG,29,0,15.3,1.7,3.9,.425,0.7,2.1,.323,1.0,1.8,.549,.513,0.4,0.6,.765,0.6,2.2,2.8,1.7,0.1,0.3,0.6,1.1,4.4,
385,Jett Howard,21,ORL,SF,44,0,10.9,1.6,4.2,.375,1.0,3.0,.323,0.6,1.2,.500,.489,0.3,0.4,.833,0.4,0.8,1.2,0.6,0.2,0.2,0.5,1.0,4.4,
386,Reggie Jackson,34,PHI,PG,31,1,12.4,1.7,4.3,.391,0.8,2.4,.338,0.9,1.9,.458,.485,0.2,0.3,.778,0.3,1.1,1.4,1.5,0.5,0.1,0.5,1.1,4.4,
387,Tre Jones,25,SAS,PG,28,0,16.1,1.6,3.3,.484,0.3,0.9,.308,1.3,2.4,.552,.527,0.9,1.2,.758,0.5,1.5,2.1,3.7,0.6,0.2,0.8,1.2,4.4,
388,Julian Phillips,21,CHI,SF,50,3,13.0,1.5,3.4,.442,0.6,1.8,.319,0.9,1.6,.580,.526,0.6,0.9,.727,0.9,1.1,2.0,0.4,0.4,0.2,0.4,1.3,4.3,
389,Paul Reed,25,DET,C,29,0,9.9,1.7,3.2,.533,0.2,0.6,.333,1.5,2.6,.581,.565,0.7,0.9,.840,0.9,1.6,2.5,1.0,1.1,0.6,0.5,1.7,4.3,
390,Antonio Reeves,24,NOP,SG,20,0,9.3,1.7,4.0,.413,0.7,2.1,.310,1.0,1.9,.526,.494,0.4,0.4,.875,0.3,0.6,0.9,0.7,0.3,0.0,0.3,0.4,4.3,
391,Daniel Theis,32,NOP,C,38,9,16.3,1.6,3.4,.473,0.2,1.0,.243,1.4,2.4,.565,.508,0.8,1.0,.838,1.2,3.2,4.3,1.6,0.5,0.5,0.7,1.8,4.3,
392,Aaron Holiday,28,HOU,PG,36,1,11.4,1.4,3.4,.419,0.9,2.3,.373,0.6,1.1,.512,.544,0.5,0.5,.895,0.2,0.8,0.9,1.2,0.4,0.1,0.5,1.1,4.2,
393,Kyle Lowry,38,PHI,PG,32,12,19.3,1.2,3.5,.351,0.9,2.6,.337,0.3,0.9,.393,.477,0.8,1.0,.818,0.3,1.7,2.0,2.9,1.0,0.3,0.6,1.9,4.2,
394,Patty Mills,36,2TM,PG,18,0,14.8,1.4,4.4,.329,0.9,3.3,.283,0.5,1.1,.474,.437,0.3,0.3,1.000,0.2,1.0,1.2,1.2,0.7,0.2,0.9,0.7,4.1,
395,Patty Mills,36,UTA,PG,17,0,15.3,1.5,4.5,.342,1.0,3.4,.298,0.5,1.1,.474,.454,0.3,0.3,1.000,0.2,1.1,1.2,1.2,0.7,0.2,0.9,0.7,4.4,
396,Patty Mills,36,LAC,PG,1,0,7.0,0.0,3.0,.000,0.0,3.0,.000,0.0,0.0,,.000,0.0,0.0,,0.0,0.0,0.0,1.0,1.0,0.0,0.0,0.0,0.0,
397,Jeff Green,38,HOU,PF,14,2,10.4,1.5,2.8,.538,0.6,1.7,.333,0.9,1.1,.867,.641,0.5,0.6,.778,0.1,1.1,1.3,0.2,0.2,0.1,0.3,1.0,4.1,
398,Kris Murray,24,POR,SF,43,0,13.5,1.6,3.6,.452,0.4,1.4,.258,1.3,2.2,.581,.503,0.3,0.7,.438,1.0,1.1,2.1,0.9,0.4,0.2,0.5,0.9,4.0,
399,Josh Richardson,31,MIA,SG,8,0,18.8,1.4,4.8,.289,0.8,2.8,.273,0.6,2.0,.313,.368,0.5,0.5,1.000,0.8,0.8,1.5,1.5,1.0,0.1,1.0,2.1,4.0,
400,Gui Santos,22,GSW,PF,26,1,12.5,1.4,2.9,.480,0.8,1.8,.417,0.6,1.0,.593,.613,0.5,0.7,.632,1.0,1.5,2.6,1.2,0.3,0.1,0.6,1.4,4.0,
401,Cam Spencer,24,MEM,SG,10,0,12.1,1.3,3.0,.433,0.5,1.6,.313,0.8,1.4,.571,.517,0.9,0.9,1.000,0.5,1.2,1.7,1.6,0.3,0.1,0.5,1.1,4.0,
402,Ousmane Dieng,21,OKC,C,29,0,11.4,1.4,3.6,.404,0.6,2.0,.288,0.9,1.6,.556,.486,0.4,0.6,.688,0.5,1.8,2.3,0.9,0.5,0.2,0.5,0.9,3.9,
403,Andre Jackson Jr.,23,MIL,SG,48,40,17.4,1.6,3.4,.469,0.5,1.4,.382,1.0,2.0,.532,.549,0.2,0.4,.556,1.1,2.1,3.3,1.5,0.6,0.3,1.0,2.1,3.9,
404,Mason Plumlee,34,PHO,C,50,18,17.8,1.5,2.6,.568,0.0,0.0,.000,1.5,2.6,.577,.568,0.9,1.5,.627,1.7,4.7,6.4,1.9,0.5,0.8,0.9,2.2,3.9,
405,Jae'Sean Tate,29,HOU,SF,32,2,11.4,1.5,3.0,.490,0.2,0.7,.273,1.3,2.3,.554,.521,0.8,1.2,.676,0.9,1.2,2.2,0.9,0.6,0.1,0.4,1.8,3.9,
406,Tristan Vukcevic,21,WAS,C,11,0,7.0,1.5,3.4,.432,0.5,1.7,.263,1.0,1.6,.611,.500,0.5,0.8,.667,0.5,1.1,1.6,0.8,0.1,0.1,0.5,0.9,3.9,
407,Cody Williams,20,UTA,SG,26,12,21.0,1.4,4.6,.300,0.6,2.4,.238,0.8,2.2,.368,.363,0.5,0.8,.636,0.5,1.7,2.2,1.3,0.5,0.4,0.8,1.9,3.9,
408,Steven Adams,31,HOU,C,35,2,12.6,1.5,2.6,.578,0.0,0.0,,1.5,2.6,.578,.578,0.8,1.8,.452,2.6,2.6,5.2,1.1,0.3,0.5,0.9,1.1,3.8,
409,Jevon Carter,29,CHI,PG,24,0,7.2,1.3,3.1,.432,0.8,2.2,.385,0.5,0.9,.545,.568,0.3,0.3,.750,0.1,0.8,0.9,0.9,0.3,0.0,0.3,0.3,3.8,
410,Gary Harris,30,ORL,SG,24,2,16.0,1.3,3.4,.395,0.9,2.6,.349,0.4,0.8,.556,.531,0.2,0.3,.500,0.5,0.8,1.2,0.5,0.6,0.3,0.5,0.8,3.8,
411,Pelle Larsson,23,MIA,SG,33,1,12.8,1.4,3.0,.459,0.5,1.4,.319,0.9,1.5,.588,.536,0.7,1.0,.667,0.4,1.1,1.5,0.9,0.5,0.1,0.4,1.7,3.8,
412,Dario Šarić,30,DEN,C,13,4,14.8,1.4,4.2,.333,0.5,1.8,.250,0.9,2.3,.400,.389,0.5,0.8,.700,1.0,2.6,3.6,1.7,0.5,0.1,1.1,1.4,3.8,
413,Dalen Terry,22,CHI,SG,47,1,12.7,1.4,3.1,.451,0.4,1.1,.352,1.0,1.9,.511,.517,0.6,0.9,.690,0.6,0.9,1.5,1.2,0.5,0.2,0.7,1.5,3.8,
414,Bol Bol,25,PHO,PF,15,0,7.2,1.4,2.7,.525,0.4,1.4,.286,1.0,1.3,.789,.600,0.5,0.8,.667,0.4,1.2,1.6,0.3,0.1,0.3,0.5,0.2,3.7,
415,Jamal Cain,25,NOP,SF,20,0,12.6,1.3,3.2,.413,0.5,1.8,.286,0.8,1.4,.571,.492,0.6,0.9,.667,0.9,1.6,2.4,0.6,0.5,0.4,0.5,1.2,3.7,
416,Devin Carter,22,SAC,PG,16,0,9.9,1.2,3.8,.311,0.5,1.9,.258,0.7,1.9,.367,.377,0.8,1.1,.722,0.4,2.1,2.5,1.3,0.3,0.2,0.5,0.9,3.7,
417,Micah Potter,26,UTA,C,22,8,17.3,1.3,3.1,.406,0.9,2.5,.364,0.4,0.6,.571,.551,0.3,0.3,.857,1.0,2.8,3.8,0.7,0.2,0.4,0.6,1.3,3.7,
418,Jeff Dowtin,27,PHI,PG,23,0,11.1,1.4,3.5,.400,0.3,1.0,.261,1.1,2.5,.456,.438,0.5,0.7,.706,0.1,1.0,1.2,1.4,0.3,0.2,0.1,0.6,3.6,
419,Elijah Harkless,24,UTA,SG,9,0,15.0,1.2,3.9,.314,0.8,2.8,.280,0.4,1.1,.400,.414,0.3,0.7,.500,1.0,1.3,2.3,0.9,1.1,0.1,0.3,1.9,3.6,
420,Oso Ighodaro,22,PHO,PF,40,2,15.0,1.6,2.7,.574,0.0,0.1,.000,1.6,2.7,.585,.574,0.5,0.9,.528,0.9,2.4,3.3,1.0,0.5,0.4,0.6,1.6,3.6,
421,Isaac Jones,24,SAC,PF,25,0,8.7,1.5,2.3,.655,0.0,0.2,.250,1.5,2.2,.685,.664,0.6,1.0,.538,0.6,1.0,1.5,0.3,0.1,0.3,0.5,1.0,3.6,
422,DeAndre Jordan,36,DEN,C,37,2,11.7,1.6,2.4,.667,0.0,0.0,,1.6,2.4,.667,.667,0.3,0.8,.414,1.3,3.2,4.5,0.8,0.3,0.5,0.7,1.2,3.6,
423,Reed Sheppard,20,HOU,PG,36,0,11.9,1.3,4.2,.311,0.7,2.6,.280,0.6,1.6,.362,.397,0.2,0.3,.889,0.4,1.1,1.4,1.1,0.6,0.4,0.6,0.9,3.6,
424,Jock Landale,29,HOU,C,25,0,9.9,1.3,2.9,.458,0.2,0.4,.556,1.1,2.5,.444,.493,0.7,1.1,.630,1.3,1.6,2.9,0.9,0.2,0.3,0.5,0.9,3.5,
425,Olivier-Maxence Prosper,22,DAL,PF,41,2,9.9,1.2,3.0,.395,0.2,1.0,.220,1.0,2.0,.482,.431,0.9,1.4,.625,0.9,1.5,2.4,0.7,0.5,0.1,0.3,0.5,3.5,
426,Jarred Vanderbilt,25,LAL,PF,6,0,15.7,1.5,3.0,.500,0.2,0.7,.250,1.3,2.3,.571,.528,0.3,0.7,.500,2.5,4.3,6.8,1.5,1.8,0.2,0.7,2.2,3.5,
427,Nicolas Batum,36,LAC,PF,49,1,17.5,1.1,2.9,.390,0.9,2.4,.379,0.2,0.5,.440,.546,0.2,0.3,.786,0.7,2.2,2.8,1.3,0.6,0.4,0.4,1.5,3.4,
428,Bruno Fernando,26,TOR,C,17,2,8.6,1.5,2.9,.531,0.0,0.0,,1.5,2.9,.531,.531,0.4,0.5,.750,1.2,1.8,3.0,1.1,0.2,0.5,0.8,1.6,3.4,
429,Luka Garza,26,MIN,C,20,0,5.2,1.4,2.8,.491,0.3,0.9,.278,1.1,1.9,.595,.536,0.5,0.6,.750,0.6,0.7,1.3,0.1,0.1,0.1,0.3,0.7,3.4,
430,Doug McDermott,33,SAC,SF,31,3,8.4,1.2,2.7,.424,1.0,2.3,.431,0.2,0.4,.385,.606,0.1,0.2,.600,0.1,0.5,0.5,0.1,0.1,0.0,0.2,0.9,3.4,
431,Cam Reddish,25,LAL,SF,31,8,18.1,1.2,2.8,.430,0.4,1.5,.289,0.8,1.3,.585,.506,0.5,0.8,.615,0.5,1.5,2.0,0.7,1.0,0.3,0.4,1.4,3.3,
432,Moses Brown,25,IND,C,9,0,5.1,1.4,2.2,.650,0.0,0.0,,1.4,2.2,.650,.650,0.3,0.6,.600,0.4,1.0,1.4,0.0,0.2,0.1,0.7,0.7,3.2,
433,Wendell Moore Jr.,23,DET,SG,20,1,11.0,1.2,2.5,.460,0.2,0.7,.286,1.0,1.8,.528,.500,0.7,0.7,.929,0.6,1.7,2.2,1.2,0.5,0.2,0.5,0.8,3.2,
434,Pat Spencer,28,GSW,PG,20,0,7.7,1.3,3.0,.433,0.1,0.6,.167,1.2,2.4,.500,.450,0.5,0.7,.692,0.5,1.0,1.5,1.6,0.5,0.1,0.6,0.7,3.2,
435,Jabari Walker,22,POR,SF,37,1,10.1,1.3,2.9,.453,0.2,0.9,.206,1.1,1.9,.569,.486,0.4,0.7,.615,0.8,2.0,2.8,0.5,0.5,0.1,0.5,1.2,3.2,
436,Damion Lee,32,PHO,SG,14,0,5.9,1.0,3.1,.318,0.2,1.5,.143,0.8,1.6,.478,.352,0.9,0.9,1.000,0.1,0.8,0.9,0.6,0.3,0.0,0.4,0.3,3.1,
437,JT Thor,22,CLE,PF,9,0,4.7,1.0,1.7,.600,0.3,0.7,.500,0.7,1.0,.667,.700,0.8,0.9,.875,0.3,0.3,0.7,0.1,0.2,0.3,0.7,0.7,3.1,
438,Blake Wesley,21,SAS,SG,31,0,9.3,1.2,2.6,.463,0.1,0.7,.190,1.1,2.0,.557,.488,0.5,0.7,.739,0.2,0.5,0.7,1.9,0.5,0.1,0.9,0.5,3.1,
439,Orlando Robinson,24,2TM,C,17,0,8.9,1.0,2.6,.378,0.1,0.6,.100,0.9,2.1,.457,.389,0.9,1.3,.727,0.8,1.5,2.2,0.9,0.4,0.2,0.6,1.3,3.0,
440,Orlando Robinson,24,SAC,C,9,0,6.3,0.8,1.9,.412,0.1,0.6,.200,0.7,1.3,.500,.441,0.4,0.8,.571,0.3,1.2,1.6,1.0,0.3,0.1,0.4,0.7,2.1,
441,Orlando Robinson,24,TOR,C,8,0,11.9,1.3,3.5,.357,0.0,0.6,.000,1.3,2.9,.435,.357,1.5,1.9,.800,1.3,1.8,3.0,0.9,0.4,0.3,0.8,2.0,4.0,
442,Adem Bona,21,PHI,C,36,1,10.9,1.1,1.6,.702,0.0,0.0,,1.1,1.6,.702,.702,0.8,1.2,.636,1.0,1.8,2.8,0.3,0.2,0.8,0.7,1.9,3.0,
443,Branden Carlson,25,OKC,C,16,0,6.1,1.1,2.3,.472,0.8,1.8,.429,0.3,0.5,.625,.639,0.1,0.1,1.000,0.3,1.3,1.6,0.4,0.1,0.4,0.1,0.7,3.0,
444,Maxi Kleber,33,DAL,PF,34,4,18.7,1.1,2.8,.385,0.4,1.4,.265,0.7,1.4,.511,.453,0.5,0.6,.762,0.7,2.1,2.8,1.3,0.3,0.5,0.7,1.9,3.0,
445,Taze Moore,26,POR,SG,2,0,10.0,1.0,5.0,.200,0.5,2.0,.250,0.5,3.0,.167,.250,0.5,1.0,.500,2.0,2.0,4.0,0.5,1.0,0.0,1.0,0.0,3.0,
446,Craig Porter Jr.,24,CLE,PG,31,0,8.8,1.2,2.0,.607,0.4,0.6,.579,0.8,1.4,.619,.697,0.2,0.3,.700,0.2,0.7,0.9,1.2,0.3,0.3,0.5,0.4,3.0,
447,Jackson Rowe,28,GSW,PF,2,0,14.5,1.0,4.0,.250,1.0,3.5,.286,0.0,0.5,.000,.375,0.0,1.0,.000,0.0,3.0,3.0,1.0,1.0,0.0,0.0,2.0,3.0,
448,Jaylon Tyson,22,CLE,SG,33,2,9.4,1.1,2.6,.435,0.3,1.0,.324,0.8,1.5,.510,.500,0.4,0.5,.778,0.8,1.4,2.2,0.9,0.2,0.1,0.4,1.1,3.0,
449,Jae Crowder,34,SAC,PF,7,2,13.1,0.9,2.4,.353,0.4,1.7,.250,0.4,0.7,.600,.441,0.7,0.9,.833,0.9,1.6,2.4,0.6,0.4,0.0,0.6,1.4,2.9,
450,Tyler Smith,20,MIL,PF,15,0,5.0,1.1,2.3,.500,0.5,1.3,.400,0.6,0.9,.643,.618,0.1,0.3,.500,0.3,1.0,1.3,0.3,0.1,0.2,0.4,0.5,2.9,
451,AJ Johnson,20,2TM,SG,8,0,6.6,1.1,2.9,.391,0.4,0.9,.429,0.8,2.0,.375,.457,0.1,0.3,.500,0.0,1.0,1.0,1.4,0.1,0.0,0.5,0.1,2.8,
452,AJ Johnson,20,MIL,SG,7,0,6.3,1.1,2.7,.421,0.4,0.7,.600,0.7,2.0,.357,.500,0.1,0.3,.500,0.0,1.0,1.0,1.0,0.1,0.0,0.6,0.0,2.9,
453,AJ Johnson,20,WAS,SG,1,0,9.0,1.0,4.0,.250,0.0,2.0,.000,1.0,2.0,.500,.250,0.0,0.0,,0.0,1.0,1.0,4.0,0.0,0.0,0.0,1.0,2.0,
454,Dominick Barlow,21,ATL,SF,15,2,7.9,1.1,2.5,.447,0.3,0.7,.364,0.9,1.8,.481,.500,0.3,0.5,.500,0.3,1.3,1.5,0.2,0.2,0.5,0.1,0.6,2.8,
455,Caleb Houstan,22,ORL,SF,36,5,11.8,0.9,2.8,.314,0.8,2.4,.307,0.1,0.4,.357,.446,0.3,0.3,.909,0.4,0.6,1.0,0.4,0.2,0.1,0.1,1.0,2.8,
456,Mason Jones,26,SAC,SG,5,0,5.6,1.2,2.4,.500,0.2,1.2,.167,1.0,1.2,.833,.542,0.2,0.4,.500,0.4,1.2,1.6,1.8,0.0,0.0,0.2,0.2,2.8,
457,A.J. Lawson,24,TOR,SG,4,0,3.8,1.0,2.0,.500,0.5,1.3,.400,0.5,0.8,.667,.625,0.3,0.8,.333,0.3,0.5,0.8,0.0,0.0,0.0,0.0,0.0,2.8,
458,Brandon Williams,25,DAL,PG,17,0,7.1,0.9,2.4,.400,0.3,0.9,.333,0.6,1.5,.440,.463,0.6,0.8,.769,0.1,0.6,0.8,1.1,0.2,0.0,0.6,0.4,2.8,
459,Kobe Brown,25,LAC,PF,20,0,8.0,1.2,2.4,.489,0.2,0.8,.250,1.0,1.6,.613,.532,0.2,0.2,.750,0.8,1.5,2.3,0.7,0.2,0.1,0.3,0.7,2.7,
460,John Konchar,28,MEM,SG,27,3,13.7,1.0,2.4,.415,0.5,1.7,.311,0.5,0.7,.650,.523,0.2,0.2,.833,1.0,2.9,3.9,1.1,0.5,0.4,0.4,0.9,2.7,
461,Drew Peterson,25,BOS,PF,14,0,9.1,0.9,1.8,.480,0.6,1.4,.421,0.3,0.4,.667,.640,0.4,0.5,.857,0.4,1.6,1.9,0.8,0.1,0.1,0.4,0.9,2.7,
462,Jalen Pickett,25,DEN,SG,22,0,9.4,1.1,2.5,.436,0.5,1.3,.393,0.6,1.2,.481,.536,0.0,0.0,1.000,0.2,0.8,1.0,1.7,0.2,0.1,0.4,0.6,2.7,
463,Landry Shamet,27,NYK,SG,19,0,10.4,1.1,2.7,.404,0.5,1.6,.290,0.6,1.1,.571,.490,0.1,0.2,.250,0.3,0.5,0.8,0.4,0.4,0.1,0.4,0.7,2.7,
464,Jeenathan Williams,25,HOU,SG,6,0,3.5,1.2,1.5,.778,0.3,0.7,.500,0.8,0.8,1.000,.889,0.0,0.0,,0.0,0.5,0.5,0.2,0.3,0.2,0.2,0.2,2.7,
465,Josh Minott,22,MIN,SF,31,0,7.0,1.0,2.2,.471,0.2,0.9,.241,0.8,1.3,.641,.522,0.3,0.4,.818,0.2,0.8,1.1,0.4,0.4,0.3,0.2,0.9,2.6,
466,Taj Gibson,39,CHO,C,21,11,11.0,1.0,2.4,.440,0.0,0.1,.500,1.0,2.3,.438,.450,0.3,0.6,.583,1.5,2.0,3.4,0.5,0.3,0.5,0.6,1.5,2.5,
467,E.J. Liddell,24,CHI,PF,6,0,5.2,0.8,1.3,.625,0.5,1.0,.500,0.3,0.3,1.000,.813,0.3,0.3,1.000,0.2,0.7,0.8,0.5,0.2,0.2,0.3,1.3,2.5,
468,Karlo Matković,23,NOP,PF,13,1,11.3,0.9,2.2,.414,0.2,0.6,.375,0.7,1.6,.429,.466,0.4,0.4,1.000,1.2,2.2,3.4,0.7,0.5,0.8,0.8,1.5,2.5,
469,Rayan Rupert,20,POR,SG,35,0,7.9,0.9,2.2,.410,0.3,1.0,.286,0.6,1.2,.512,.474,0.4,0.5,.722,0.6,0.6,1.1,0.5,0.2,0.1,0.5,0.5,2.5,
470,Delon Wright,32,MIL,PG,26,2,15.6,0.8,3.2,.268,0.5,1.9,.245,0.4,1.3,.303,.341,0.3,0.6,.563,0.6,1.2,1.8,1.8,0.9,0.3,0.5,0.7,2.5,
471,Johnny Davis,22,WAS,SG,34,0,7.1,0.9,2.3,.410,0.2,0.9,.241,0.7,1.4,.510,.455,0.3,0.4,.600,0.3,0.8,1.1,0.3,0.4,0.2,0.2,0.5,2.4,
472,Reece Beekman,23,2TM,PG,20,0,10.9,0.9,2.5,.360,0.2,0.9,.222,0.7,1.6,.438,.400,0.3,0.5,.556,0.3,0.5,0.8,1.6,0.7,0.1,0.5,0.6,2.3,
473,Reece Beekman,23,GSW,PG,2,0,2.0,0.5,0.5,1.000,0.0,0.0,,0.5,0.5,1.000,1.000,0.0,0.0,,0.5,0.0,0.5,0.5,0.5,0.0,0.0,0.5,1.0,
474,Reece Beekman,23,BRK,PG,18,0,11.8,0.9,2.7,.347,0.2,1.0,.222,0.7,1.7,.419,.388,0.3,0.5,.556,0.2,0.6,0.8,1.7,0.7,0.1,0.6,0.6,2.4,
475,Vlatko Čančar,27,DEN,PF,4,0,8.5,1.0,1.8,.571,0.3,0.5,.500,0.8,1.3,.600,.643,0.0,0.0,,0.8,1.3,2.0,0.0,0.0,0.3,0.5,1.0,2.3,
476,Lester Quiñones,24,PHI,SG,4,0,4.3,1.0,2.0,.500,0.0,0.8,.000,1.0,1.3,.800,.500,0.3,0.3,1.000,0.8,0.3,1.0,0.3,0.0,0.0,1.0,0.0,2.3,
477,Duop Reath,28,POR,C,25,0,5.3,0.8,2.0,.380,0.4,1.4,.314,0.3,0.6,.533,.490,0.3,0.4,.800,0.4,0.5,0.9,0.2,0.0,0.1,0.2,0.6,2.3,
478,Collin Gillespie,25,PHO,PG,6,0,4.0,0.7,1.2,.571,0.2,0.3,.500,0.5,0.8,.600,.643,0.7,0.8,.800,0.3,0.5,0.8,0.5,0.0,0.2,0.0,0.5,2.2,
479,Kai Jones,24,LAC,C,27,0,7.6,0.9,1.3,.714,0.0,0.1,.000,0.9,1.2,.758,.714,0.3,0.4,.750,0.6,1.1,1.7,0.4,0.2,0.5,0.4,0.9,2.2,
480,Hunter Tyson,24,DEN,PF,36,0,7.7,0.7,1.8,.385,0.4,1.2,.333,0.3,0.6,.478,.492,0.4,0.6,.696,0.3,1.3,1.6,0.4,0.1,0.1,0.3,0.9,2.2,
481,Trey Jemison,25,2TM,C,21,0,9.9,0.9,1.9,.462,0.0,0.0,,0.9,1.9,.462,.462,0.4,1.2,.360,1.2,1.7,2.9,0.5,0.4,0.5,0.6,1.8,2.1,
482,Trey Jemison,25,NOP,C,16,0,10.4,0.9,2.0,.469,0.0,0.0,,0.9,2.0,.469,.469,0.5,1.3,.381,1.4,1.4,2.8,0.6,0.4,0.4,0.6,1.7,2.4,
483,Trey Jemison,25,LAL,C,5,0,8.2,0.6,1.4,.429,0.0,0.0,,0.6,1.4,.429,.429,0.2,0.8,.250,0.6,2.8,3.4,0.2,0.2,0.8,0.6,2.0,1.4,
484,Patrick Baldwin Jr.,22,WAS,SF,22,0,4.6,0.8,1.5,.515,0.5,1.0,.524,0.3,0.5,.500,.682,0.1,0.2,.500,0.2,0.8,1.0,0.1,0.1,0.1,0.2,0.2,2.1,
485,Chris Duarte,27,CHI,SG,17,0,4.4,0.7,1.5,.462,0.4,0.9,.400,0.4,0.6,.545,.577,0.4,0.5,.750,0.3,0.9,1.2,0.5,0.0,0.0,0.1,0.4,2.1,
486,Dillon Jones,23,OKC,SF,31,0,9.1,0.8,2.4,.324,0.2,1.3,.175,0.5,1.1,.500,.372,0.4,0.6,.579,0.6,1.5,2.1,0.9,0.2,0.1,0.4,1.0,2.1,
487,Christian Koloko,24,LAL,C,28,0,8.5,1.0,1.5,.643,0.0,0.1,.000,1.0,1.4,.675,.643,0.2,0.2,.833,0.9,1.2,2.1,0.4,0.3,0.3,0.3,1.1,2.1,
488,Pete Nance,24,PHI,C,7,0,9.7,0.7,2.1,.333,0.6,1.7,.333,0.1,0.4,.333,.467,0.1,0.3,.500,0.3,1.1,1.4,0.4,0.1,0.0,0.0,1.4,2.1,
489,MarJon Beauchamp,24,MIL,SF,26,0,4.7,0.7,1.8,.383,0.3,0.8,.333,0.4,1.0,.423,.457,0.3,0.5,.750,0.3,1.0,1.2,0.3,0.1,0.0,0.5,0.4,2.0,
490,Jalen Hood-Schifino,21,LAL,SG,2,0,7.0,0.5,0.5,1.000,0.0,0.0,,0.5,0.5,1.000,1.000,1.0,1.0,1.000,0.5,0.0,0.5,0.5,0.0,0.5,0.5,1.5,2.0,
491,Alex Reese,25,OKC,PF,1,0,2.0,1.0,1.0,1.000,0.0,0.0,,1.0,1.0,1.000,1.000,0.0,0.0,,1.0,0.0,1.0,0.0,0.0,0.0,0.0,0.0,2.0,
492,Adama Sanogo,22,CHI,C,4,0,5.3,1.0,1.8,.571,0.0,0.0,,1.0,1.8,.571,.571,0.0,0.0,,1.3,0.3,1.5,0.3,0.0,0.0,0.3,0.3,2.0,
493,TyTy Washington Jr.,23,PHO,PG,4,0,7.0,0.8,1.5,.500,0.5,0.8,.667,0.3,0.8,.333,.667,0.0,0.0,,0.0,0.3,0.3,1.0,0.5,0.0,0.3,0.0,2.0,
494,Johnny Furphy,20,IND,SG,32,0,7.3,0.7,1.7,.382,0.3,1.0,.344,0.3,0.7,.435,.482,0.3,0.3,1.000,0.4,0.6,1.0,0.3,0.3,0.2,0.3,0.8,1.9,
495,Cory Joseph,33,ORL,PG,30,0,7.5,0.7,2.0,.350,0.5,1.4,.341,0.2,0.6,.368,.467,0.1,0.1,.500,0.2,0.6,0.8,0.8,0.4,0.1,0.4,0.6,1.9,
496,Tyler Kolek,23,NYK,PG,28,0,5.2,0.6,1.7,.383,0.4,1.0,.393,0.3,0.7,.368,.500,0.2,0.2,1.000,0.1,0.5,0.5,0.8,0.3,0.0,0.3,0.4,1.9,
497,Jordan McLaughlin,28,SAC,PG,28,0,6.8,0.6,1.6,.364,0.4,0.9,.385,0.2,0.6,.333,.477,0.4,0.6,.688,0.1,0.6,0.8,0.9,0.4,0.0,0.4,0.5,1.9,
498,Zeke Nnaji,24,DEN,PF,31,1,6.6,0.8,1.8,.456,0.1,0.6,.150,0.7,1.2,.622,.482,0.1,0.2,.429,0.3,0.7,1.0,0.1,0.1,0.4,0.2,0.7,1.9,
499,Anthony Gill,32,WAS,PF,37,0,5.6,0.6,1.2,.500,0.1,0.4,.333,0.5,0.8,.586,.557,0.5,0.8,.607,0.2,0.6,0.8,0.2,0.2,0.1,0.2,0.5,1.8,
500,Ariel Hukporti,22,NYK,C,19,0,7.8,0.7,1.1,.700,0.0,0.0,,0.7,1.1,.700,.700,0.3,0.6,.545,0.4,1.5,1.8,0.4,0.0,0.6,0.6,1.0,1.8,
501,Enrique Freeman,24,IND,PF,19,1,7.3,0.6,1.3,.480,0.1,0.3,.167,0.6,1.0,.579,.500,0.4,0.7,.538,0.3,0.7,1.0,0.4,0.1,0.1,0.3,0.9,1.7,
502,Leonard Miller,21,MIN,SF,6,0,2.7,0.3,1.3,.250,0.0,0.5,.000,0.3,0.8,.400,.250,1.0,1.0,1.000,0.5,1.0,1.5,0.0,0.2,0.0,0.3,0.3,1.7,
503,Markieff Morris,35,DAL,PF,7,0,5.9,0.7,3.1,.227,0.3,1.9,.154,0.4,1.3,.333,.273,0.0,0.0,,0.0,1.1,1.1,0.6,0.1,0.1,0.3,0.3,1.7,
504,Terrence Shannon Jr.,24,MIN,SG,12,0,4.4,0.8,1.5,.500,0.2,0.4,.400,0.6,1.1,.538,.556,0.0,0.0,,0.0,0.2,0.2,0.5,0.2,0.1,0.3,0.1,1.7,
505,Jaden Springer,22,BOS,SG,26,0,5.4,0.5,1.3,.353,0.2,0.7,.316,0.2,0.6,.400,.441,0.6,0.8,.714,0.2,0.8,0.9,0.4,0.5,0.0,0.2,0.7,1.7,
506,Tristan Thompson,33,CLE,C,26,0,8.0,0.7,1.7,.432,0.0,0.1,.000,0.7,1.6,.463,.432,0.2,0.8,.227,0.7,2.2,3.0,0.7,0.0,0.3,0.4,1.0,1.7,
507,Keshad Johnson,23,MIA,SF,10,0,5.7,0.7,1.2,.583,0.1,0.4,.250,0.6,0.8,.750,.625,0.1,0.6,.167,0.2,1.5,1.7,0.3,0.1,0.4,0.3,0.5,1.6,
508,Bryce McGowens,22,POR,SG,8,0,2.6,0.5,0.9,.571,0.0,0.3,.000,0.5,0.6,.800,.571,0.6,0.8,.833,0.1,0.0,0.1,0.1,0.1,0.0,0.4,0.3,1.6,
509,Jericho Sims,26,NYK,C,39,5,10.8,0.7,1.2,.609,0.0,0.0,,0.7,1.2,.609,.609,0.2,0.3,.615,1.3,2.0,3.3,0.6,0.2,0.3,0.5,1.2,1.6,
510,Armel Traoré,22,LAL,SF,9,0,7.4,0.7,2.1,.316,0.0,0.8,.000,0.7,1.3,.500,.316,0.2,0.8,.286,0.2,1.4,1.7,0.1,0.4,0.2,0.3,0.7,1.6,
511,Jordan Walsh,20,BOS,PF,35,1,7.9,0.6,1.6,.357,0.3,1.1,.282,0.3,0.5,.529,.455,0.1,0.3,.500,0.4,0.8,1.1,0.3,0.3,0.2,0.3,0.5,1.6,
512,Pacome Dadiet,19,NYK,SG,13,0,6.4,0.5,1.5,.300,0.4,1.1,.357,0.1,0.5,.167,.425,0.2,0.2,1.000,0.0,1.0,1.0,0.4,0.1,0.2,0.1,0.4,1.5,
513,Alex Ducas,24,OKC,SG,13,0,4.7,0.5,1.5,.368,0.5,1.1,.429,0.1,0.4,.200,.526,0.0,0.0,,0.3,0.7,1.0,0.1,0.1,0.0,0.2,0.3,1.5,
514,David Duke Jr.,25,SAS,SG,2,0,6.0,0.5,2.5,.200,0.0,0.5,.000,0.5,2.0,.250,.200,0.5,1.0,.500,0.0,1.0,1.0,1.0,0.0,0.0,0.5,0.5,1.5,
515,Jazian Gortman,21,DAL,PG,16,0,3.6,0.6,1.4,.391,0.3,0.7,.364,0.3,0.8,.417,.478,0.1,0.3,.500,0.1,0.3,0.3,0.4,0.1,0.1,0.3,0.6,1.5,
516,Quincy Olivari,23,LAL,PG,2,0,5.0,0.5,2.5,.200,0.5,2.5,.200,0.0,0.0,,.300,0.0,0.0,,0.0,0.0,0.0,0.5,0.0,0.0,0.5,0.0,1.5,
517,Dwight Powell,33,DAL,C,33,0,7.6,0.4,0.5,.778,0.0,0.0,1.000,0.4,0.5,.765,.806,0.6,0.9,.667,0.7,1.1,1.8,0.7,0.4,0.5,0.2,1.2,1.5,
518,Matt Ryan,27,NYK,SF,17,0,3.6,0.5,1.6,.333,0.3,0.9,.313,0.2,0.6,.364,.426,0.1,0.1,1.000,0.0,0.4,0.4,0.1,0.1,0.0,0.2,0.1,1.5,
519,Colin Castleton,24,MEM,C,10,0,4.6,0.2,1.0,.200,0.0,0.4,.000,0.2,0.6,.333,.200,1.0,1.1,.909,0.3,0.6,0.9,0.0,0.1,0.1,0.1,0.6,1.4,
520,Alex Len,31,SAC,C,36,3,7.2,0.6,1.1,.537,0.0,0.2,.167,0.6,1.0,.600,.549,0.2,0.4,.538,0.7,1.1,1.8,0.8,0.2,0.5,0.3,1.0,1.4,
521,Sidy Cissoko,20,SAS,SF,17,0,3.2,0.5,1.1,.500,0.2,0.4,.429,0.4,0.6,.545,.583,0.1,0.4,.167,0.2,0.4,0.6,0.4,0.1,0.0,0.1,0.4,1.3,
522,Kessler Edwards,24,DAL,SF,22,3,8.8,0.5,1.4,.355,0.2,0.8,.235,0.3,0.6,.500,.419,0.1,0.1,1.000,0.2,1.5,1.7,0.6,0.3,0.3,0.2,1.0,1.3,
523,Adam Flagler,25,OKC,SG,19,0,4.3,0.5,2.5,.191,0.3,2.0,.158,0.2,0.5,.333,.255,0.0,0.0,,0.2,0.3,0.4,0.0,0.3,0.1,0.1,0.4,1.3,
524,Yuki Kawamura,23,MEM,PG,19,0,3.3,0.4,1.2,.364,0.2,0.8,.250,0.2,0.3,.667,.455,0.2,0.3,.667,0.0,0.4,0.4,0.7,0.1,0.0,0.2,0.4,1.3,
525,Jack McVeigh,28,HOU,PF,6,0,3.5,0.5,1.8,.273,0.3,1.3,.250,0.2,0.5,.333,.364,0.0,0.0,,0.2,0.5,0.7,0.2,0.0,0.2,0.2,0.2,1.3,
526,Luke Travers,23,CLE,SG,6,0,7.0,0.5,1.2,.429,0.0,0.5,.000,0.5,0.7,.750,.429,0.3,0.3,1.000,0.2,0.8,1.0,0.8,0.2,0.2,0.3,0.5,1.3,
527,Cam Christie,19,LAC,SG,5,0,5.8,0.4,1.8,.222,0.2,1.2,.167,0.2,0.6,.333,.278,0.2,0.4,.500,0.2,1.0,1.2,0.4,0.4,0.0,0.4,0.4,1.2,
528,JD Davison,22,BOS,PG,5,0,4.8,0.4,1.0,.400,0.2,0.6,.333,0.2,0.4,.500,.500,0.2,0.4,.500,0.0,0.4,0.4,0.2,0.2,0.0,1.2,0.2,1.2,
529,Chris Livingston,21,MIL,SF,12,1,4.8,0.4,1.1,.385,0.0,0.3,.000,0.4,0.8,.556,.385,0.3,0.5,.667,0.5,1.1,1.6,0.1,0.3,0.0,0.4,0.3,1.2,
530,Colby Jones,22,SAC,SG,24,0,5.4,0.5,1.1,.423,0.2,0.4,.400,0.3,0.7,.438,.500,0.0,0.0,,0.3,0.6,1.0,0.3,0.3,0.3,0.3,0.5,1.1,
531,Jaylen Martin,21,BRK,SF,3,0,1.7,0.3,0.7,.500,0.3,0.3,1.000,0.0,0.3,.000,.750,0.0,0.0,,0.0,0.0,0.0,0.0,0.0,0.0,0.0,0.3,1.0,
532,Jared Rhoden,25,CHO,SG,4,0,3.0,0.5,2.0,.250,0.0,0.5,.000,0.5,1.5,.333,.250,0.0,0.0,,0.5,0.5,1.0,0.5,0.3,0.0,0.3,0.3,1.0,
533,Baylor Scheierman,24,BOS,SG,9,0,6.0,0.3,1.9,.176,0.1,1.3,.083,0.2,0.6,.400,.206,0.2,0.2,1.000,0.2,1.2,1.4,0.4,0.2,0.0,0.0,0.7,1.0,
534,Xavier Tillman Sr.,26,BOS,C,26,1,7.3,0.4,1.5,.250,0.2,0.8,.182,0.2,0.7,.333,.300,0.0,0.1,.500,0.3,1.1,1.4,0.3,0.3,0.2,0.3,0.5,1.0,
535,Maxwell Lewis,22,2TM,SF,8,0,3.8,0.4,0.9,.429,0.1,0.1,1.000,0.3,0.8,.333,.500,0.0,0.0,,0.3,0.0,0.3,0.3,0.1,0.0,0.3,0.1,0.9,
536,Maxwell Lewis,22,LAL,SF,7,0,4.1,0.3,0.9,.333,0.0,0.0,,0.3,0.9,.333,.333,0.0,0.0,,0.3,0.0,0.3,0.3,0.1,0.0,0.3,0.1,0.6,
537,Maxwell Lewis,22,BRK,SF,1,0,1.0,1.0,1.0,1.000,1.0,1.0,1.000,0.0,0.0,,1.500,0.0,0.0,,0.0,0.0,0.0,0.0,0.0,0.0,0.0,0.0,3.0,
538,Trey Alexander,21,DEN,SG,16,0,4.3,0.3,1.2,.263,0.1,0.6,.222,0.2,0.6,.300,.316,0.1,0.1,1.000,0.0,0.3,0.3,0.4,0.1,0.1,0.1,0.4,0.9,
539,PJ Hall,22,DEN,C,12,0,2.9,0.3,0.8,.400,0.0,0.3,.000,0.3,0.5,.667,.400,0.3,0.3,.750,0.3,0.8,1.1,0.2,0.0,0.1,0.1,0.4,0.9,
540,Bronny James,20,LAL,SG,16,0,4.0,0.3,1.5,.167,0.1,0.6,.100,0.2,0.9,.214,.188,0.3,0.4,.714,0.1,0.4,0.4,0.4,0.3,0.1,0.3,0.4,0.9,
541,Jalen Bridges,23,PHO,SF,5,0,5.0,0.2,0.8,.250,0.2,0.8,.250,0.0,0.0,,.375,0.2,0.4,.500,0.0,0.6,0.6,0.0,0.0,0.0,0.8,0.0,0.8,
542,D.J. Carton,24,TOR,SG,4,0,8.3,0.3,1.8,.143,0.0,0.8,.000,0.3,1.0,.250,.143,0.3,0.3,1.000,0.0,1.0,1.0,0.8,0.5,0.0,1.0,0.3,0.8,
543,Ulrich Chomche,19,TOR,PF,6,0,3.3,0.3,0.5,.667,0.0,0.0,,0.3,0.5,.667,.667,0.2,0.3,.500,0.5,0.5,1.0,0.3,0.0,0.0,0.3,0.7,0.8,
544,Josh Christopher,23,MIA,SG,8,0,3.5,0.3,0.9,.286,0.0,0.1,.000,0.3,0.8,.333,.286,0.3,0.5,.500,0.0,0.4,0.4,0.5,0.0,0.1,0.5,0.1,0.8,
545,Isaiah Crawford,23,SAC,SF,4,0,3.5,0.3,0.8,.333,0.0,0.3,.000,0.3,0.5,.500,.333,0.3,0.5,.500,0.0,1.0,1.0,0.0,0.0,0.0,0.0,0.3,0.8,
546,RayJ Dennis,23,IND,PG,6,0,1.8,0.2,0.5,.333,0.2,0.5,.333,0.0,0.0,,.500,0.3,0.3,1.000,0.2,0.3,0.5,0.2,0.3,0.0,0.3,0.2,0.8,
547,PJ Dozier,28,MIN,SG,9,0,3.9,0.2,0.3,.667,0.2,0.3,.667,0.0,0.0,,1.000,0.1,0.7,.167,0.1,0.4,0.6,0.6,0.1,0.0,0.1,0.3,0.8,
548,Joe Ingles,37,MIN,SF,12,0,4.8,0.3,0.8,.444,0.2,0.4,.400,0.2,0.3,.500,.556,0.0,0.0,,0.2,0.2,0.3,1.1,0.1,0.0,0.4,0.7,0.8,
549,James Johnson,37,IND,PF,10,0,3.2,0.4,0.9,.444,0.0,0.3,.000,0.4,0.6,.667,.444,0.0,0.1,.000,0.0,0.5,0.5,0.4,0.0,0.2,0.4,0.4,0.8,
550,Liam Robbins,25,MIL,C,13,0,4.4,0.2,0.6,.250,0.0,0.2,.000,0.2,0.5,.333,.250,0.4,0.8,.500,0.5,0.4,0.9,0.2,0.2,0.2,0.5,0.7,0.7,
551,Cui Yongxi,21,BRK,SG,5,0,2.0,0.2,1.4,.143,0.0,0.6,.000,0.2,0.8,.250,.143,0.2,0.4,.500,0.0,0.4,0.4,0.0,0.0,0.0,0.0,0.0,0.6,
552,Spencer Jones,23,DEN,SF,8,0,2.5,0.3,0.9,.286,0.1,0.6,.200,0.1,0.3,.500,.357,0.0,0.0,,0.1,0.4,0.5,0.0,0.3,0.0,0.1,0.3,0.6,
553,Garrett Temple,38,TOR,SG,17,0,3.9,0.2,0.9,.200,0.1,0.4,.143,0.1,0.5,.250,.233,0.2,0.2,1.000,0.1,0.5,0.6,0.6,0.4,0.1,0.2,0.4,0.6,
554,Stanley Umude,25,MIL,SG,19,0,3.2,0.2,1.1,.200,0.1,0.6,.182,0.1,0.5,.222,.250,0.1,0.2,.500,0.2,0.5,0.7,0.1,0.2,0.1,0.1,0.3,0.6,
555,Tristen Newton,23,2TM,SG,6,0,1.5,0.2,1.0,.167,0.0,0.5,.000,0.2,0.5,.333,.167,0.2,0.2,1.000,0.0,0.2,0.2,0.2,0.0,0.0,0.2,0.5,0.5,
556,Tristen Newton,23,IND,SG,5,0,1.6,0.2,1.2,.167,0.0,0.6,.000,0.2,0.6,.333,.167,0.2,0.2,1.000,0.0,0.0,0.0,0.2,0.0,0.0,0.2,0.4,0.6,
557,Tristen Newton,23,MIN,SG,1,0,1.0,0.0,0.0,,0.0,0.0,,0.0,0.0,,,0.0,0.0,,0.0,1.0,1.0,0.0,0.0,0.0,0.0,1.0,0.0,
558,Jacob Toppin,24,NYK,SF,16,0,3.1,0.2,0.6,.300,0.0,0.1,.000,0.2,0.5,.375,.300,0.0,0.0,,0.1,0.6,0.7,0.3,0.1,0.0,0.1,0.2,0.4,
559,Malevy Leons,25,OKC,SF,6,0,3.5,0.0,0.3,.000,0.0,0.2,.000,0.0,0.2,.000,.000,0.3,0.7,.500,0.2,0.3,0.5,0.2,0.0,0.0,0.2,0.7,0.3,
560,Daishen Nix,22,MIN,PG,3,0,4.3,0.0,0.3,.000,0.0,0.3,.000,0.0,0.0,,.000,0.3,0.7,.500,0.0,1.3,1.3,1.0,0.0,0.0,1.3,0.3,0.3,
561,Emoni Bates,21,CLE,SF,5,0,3.8,0.0,1.4,.000,0.0,1.2,.000,0.0,0.2,.000,.000,0.0,0.0,,0.0,0.0,0.0,0.8,0.0,0.0,0.0,0.4,0.0,
562,Keion Brooks Jr.,24,NOP,,1,0,3.0,0.0,0.0,,0.0,0.0,,0.0,0.0,,,0.0,0.0,,0.0,0.0,0.0,0.0,0.0,0.0,0.0,1.0,0.0,
563,Harrison Ingram,22,SAS,SF,2,0,5.5,0.0,1.0,.000,0.0,0.5,.000,0.0,0.5,.000,.000,0.0,0.0,,0.0,1.0,1.0,0.0,0.0,0.0,0.0,0.5,0.0,
564,Daniss Jenkins,23,DET,PG,4,0,2.0,0.0,1.0,.000,0.0,1.0,.000,0.0,0.0,,.000,0.0,0.0,,0.0,0.0,0.0,0.0,0.0,0.0,0.3,0.3,0.0,
565,Bobi Klintman,21,DET,SF,3,0,2.7,0.0,0.7,.000,0.0,0.3,.000,0.0,0.3,.000,.000,0.0,0.0,,0.0,0.7,0.7,0.3,0.0,0.0,0.0,0.7,0.0,
566,Mac McClung,26,ORL,SG,1,0,5.0,0.0,0.0,,0.0,0.0,,0.0,0.0,,,0.0,0.0,,0.0,1.0,1.0,2.0,0.0,0.0,0.0,0.0,0.0,
567,Justin Minaya,25,POR,SF,6,0,3.0,0.0,0.2,.000,0.0,0.0,,0.0,0.2,.000,.000,0.0,0.0,,0.3,0.2,0.5,0.3,0.2,0.0,0.0,0.5,0.0,
568,Riley Minix,24,SAS,SF,1,0,7.0,0.0,1.0,.000,0.0,1.0,.000,0.0,0.0,,.000,0.0,0.0,,0.0,2.0,2.0,0.0,0.0,0.0,0.0,0.0,0.0,
569,Chuma Okeke,26,PHI,PF,1,0,2.0,0.0,0.0,,0.0,0.0,,0.0,0.0,,,0.0,0.0,,0.0,1.0,1.0,0.0,0.0,0.0,0.0,0.0,0.0,
570,Zyon Pullin,23,MEM,SG,1,0,1.0,0.0,0.0,,0.0,0.0,,0.0,0.0,,,0.0,0.0,,0.0,0.0,0.0,0.0,0.0,0.0,0.0,0.0,0.0,
571,Cole Swider,25,DET,SF,2,0,6.5,0.0,2.5,.000,0.0,2.5,.000,0.0,0.0,,.000,0.0,0.0,,0.0,1.0,1.0,0.5,0.0,0.0,0.0,0.5,0.0,